0,-3983643,0.00000000
5001,-3983640,599.88000488
10001,-3983632,1600.00000000
15001,-3983618,2800.00000000
20001,-3983599,3800.00000000
25001,-3983576,4600.00000000
30001,-3983547,5800.00000000
35001,-3983514,6600.00000000
40001,-3983476,7600.00000000
45001,-3983434,8400.00000000
50001,-3983388,9200.00000000
55001,-3983337,10200.00000000
60001,-3983283,10800.00000000
65001,-3983225,11600.00000000
70001,-3983164,12200.00000000
75001,-3983098,13200.00000000
80001,-3983030,13600.00000000
85001,-3982958,14400.00000000
90001,-3982883,15000.00000000
95001,-3982806,15400.00000000
100001,-3982725,16200.00000000
105001,-3982641,16800.00000000
110001,-3982554,17400.00000000
115001,-3982465,17800.00000000
120001,-3982373,18400.00000000
125001,-3982279,18800.00000000
130001,-3982183,19200.00000000
135001,-3982084,19800.00000000
140001,-3981983,20200.00000000
145001,-3981880,20600.00000000
150001,-3981774,21200.00000000
155001,-3981667,21400.00000000
160001,-3981558,21800.00000000
165001,-3981446,22400.00000000
170001,-3981333,22600.00000000
175001,-3981218,23000.00000000
180001,-3981102,23200.00000000
185001,-3980983,23800.00000000
190001,-3980863,24000.00000000
195001,-3980741,24400.00000000
200001,-3980618,24600.00000000
205001,-3980494,24800.00000000
210001,-3980368,25200.00000000
215001,-3980242,25200.00000000
220001,-3980113,25800.00000000
225001,-3979984,25800.00000000
230001,-3979854,26000.00000000
235001,-3979722,26400.00000000
240001,-3979589,26600.00000000
245001,-3979454,27000.00000000
250001,-3979319,27000.00000000
255001,-3979183,27200.00000000
260001,-3979045,27600.00000000
265001,-3978907,27600.00000000
270001,-3978768,27800.00000000
275001,-3978629,27800.00000000
280001,-3978488,28200.00000000
285001,-3978347,28200.00000000
290001,-3978204,28600.00000000
295001,-3978061,28600.00000000
300001,-3977916,29000.00000000
305001,-3977771,29000.00000000
310001,-3977626,29000.00000000
315001,-3977480,29200.00000000
320001,-3977333,29400.00000000
325001,-3977186,29400.00000000
330001,-3977038,29600.00000000
335001,-3976889,29800.00000000
340001,-3976739,30000.00000000
345001,-3976589,30000.00000000
350001,-3976438,30200.00000000
355001,-3976286,30400.00000000
360001,-3976134,30400.00000000
365001,-3975982,30400.00000000
370001,-3975829,30600.00000000
375001,-3975676,30600.00000000
380001,-3975522,30800.00000000
385001,-3975368,30800.00000000
390001,-3975213,31000.00000000
395001,-3975057,31200.00000000
400001,-3974901,31200.00000000
405001,-3974745,31200.00000000
410001,-3974588,31399.99804687
415001,-3974432,31200.00000000
420001,-3974275,31399.99804687
425001,-3974117,31599.99804687
430001,-3973959,31599.99804687
435001,-3973801,31599.99804687
440001,-3973642,31800.00195312
445001,-3973482,32000.00195312
450001,-3973323,31800.00195312
455001,-3973163,32000.00195312
460001,-3973003,32000.00195312
465001,-3972843,32000.00195312
470001,-3972683,32000.00195312
475001,-3972522,32200.00195312
480001,-3972361,32200.00195312
485001,-3972199,32400.00000000
490001,-3972037,32400.00000000
495001,-3971875,32400.00000000
500001,-3971713,32400.00000000
505001,-3971551,32400.00000000
510001,-3971388,32600.00000000
515001,-3971226,32400.00000000
520001,-3971063,32600.00000000
525001,-3970899,32800.00000000
530001,-3970735,32800.00000000
535001,-3970571,32800.00000000
540001,-3970407,32800.00000000
545001,-3970243,32800.00000000
550001,-3970079,32800.00000000
555001,-3969915,32800.00000000
560001,-3969751,32800.00000000
565001,-3969586,33000.00000000
570001,-3969421,33000.00000000
575001,-3969255,33200.00000000
580001,-3969089,33200.00000000
585001,-3968924,33000.00000000
590001,-3968758,33200.00000000
595001,-3968593,33000.00000000
600001,-3968427,33200.00000000
605001,-3968261,33200.00000000
610001,-3968095,33200.00000000
615001,-3967928,33400.00000000
620001,-3967761,33400.00000000
625001,-3967595,33200.00000000
630001,-3967428,33400.00000000
635001,-3967261,33400.00000000
640001,-3967094,33400.00000000
645001,-3966928,33200.00000000
650001,-3966761,33400.00000000
655001,-3966593,33600.00000000
660001,-3966425,33600.00000000
665001,-3966257,33600.00000000
670001,-3966089,33600.00000000
675001,-3965922,33400.00000000
680001,-3965754,33600.00000000
685001,-3965587,33400.00000000
690001,-3965419,33600.00000000
695001,-3965250,33800.00000000
700001,-3965082,33600.00000000
705001,-3964913,33800.00000000
710001,-3964744,33800.00000000
715001,-3964576,33600.00000000
720001,-3964407,33800.00000000
725001,-3964239,33600.00000000
730001,-3964071,33600.00000000
735001,-3963902,33800.00000000
740001,-3963733,33800.00000000
745001,-3963563,34000.00000000
750001,-3963394,33800.00000000
755001,-3963225,33800.00000000
760001,-3963055,34000.00000000
765001,-3962886,33800.00000000
770001,-3962718,33600.00000000
775001,-3962548,34000.00000000
780001,-3962379,33800.00000000
785001,-3962209,34000.00000000
790001,-3962039,34000.00000000
795001,-3961869,34000.00000000
800001,-3961699,34000.00000000
805001,-3961530,33800.00000000
810001,-3961361,33800.00000000
815001,-3961191,34000.00000000
820001,-3961021,34000.00000000
825001,-3960851,34000.00000000
830001,-3960681,34000.00000000
835001,-3960510,34200.00000000
840001,-3960340,34000.00000000
845001,-3960170,34000.00000000
850001,-3960000,34000.00000000
855001,-3959831,33800.00000000
860001,-3959660,34200.00000000
865001,-3959490,34000.00000000
870001,-3959319,34200.00000000
875001,-3959149,34000.00000000
880001,-3958978,34200.00000000
885001,-3958808,34000.00000000
890001,-3958637,34200.00000000
895001,-3958467,34000.00000000
900001,-3958297,34000.00000000
905001,-3958127,34000.00000000
910001,-3957956,34200.00000000
915001,-3957785,34200.00000000
920001,-3957614,34200.00000000
925001,-3957443,34200.00000000
930001,-3957272,34200.00000000
935001,-3957102,34000.00000000
940001,-3956932,34000.00000000
945001,-3956761,34200.00000000
950001,-3956590,34200.00000000
955001,-3956419,34200.00000000
960001,-3956248,34200.00000000
965001,-3956077,34200.00000000
970001,-3955906,34200.00000000
975001,-3955735,34200.00000000
980001,-3955565,34000.00000000
985001,-3955394,34200.00000000
990001,-3955223,34200.00000000
995001,-3955052,34200.00000000
1000001,-3954880,34400.00000000
1005001,-3954709,34200.00000000
1010001,-3954538,34200.00000000
1015001,-3954367,34200.00000000
1020001,-3954196,34200.00000000
1025001,-3954025,34200.00000000
1030001,-3953854,34200.00000000
1035001,-3953683,34200.00000000
1040001,-3953511,34400.00000000
1045001,-3953340,34200.00000000
1050001,-3953168,34400.00000000
1055001,-3952997,34200.00000000
1060001,-3952826,34200.00000000
1065001,-3952656,34000.00000000
1070001,-3952485,34200.00000000
1075001,-3952313,34400.00000000
1080001,-3952142,34200.00000000
1085001,-3951970,34400.00000000
1090001,-3951798,34400.00000000
1095001,-3951627,34200.00000000
1100001,-3951456,34200.00000000
1105001,-3951285,34200.00000000
1110001,-3951114,34200.00000000
1115001,-3950943,34200.00000000
1120001,-3950771,34400.00000000
1125001,-3950599,34400.00000000
1130001,-3950428,34200.00000000
1135001,-3950256,34400.00000000
1140001,-3950085,34200.00000000
1145001,-3949914,34200.00000000
1150001,-3949743,34200.00000000
1155001,-3949572,34200.00000000
1160001,-3949400,34400.00000000
1165001,-3949228,34400.00000000
1170001,-3949056,34400.00000000
1175001,-3948885,34200.00000000
1180001,-3948713,34400.00000000
1185001,-3948542,34200.00000000
1190001,-3948371,34200.00000000
1195001,-3948200,34200.00000000
1200001,-3948028,34400.00000000
1205001,-3947857,34200.00000000
1210001,-3947685,34400.00000000
1215001,-3947513,34400.00000000
1220001,-3947341,34400.00000000
1225001,-3947170,34200.00000000
1230001,-3946999,34200.00000000
1235001,-3946828,34200.00000000
1240001,-3946657,34200.00000000
1245001,-3946485,34400.00000000
1250001,-3946313,34400.00000000
1255001,-3946141,34400.00000000
1260001,-3945969,34400.00000000
1265001,-3945798,34200.00000000
1270001,-3945627,34200.00000000
1275001,-3945456,34200.00000000
1280001,-3945284,34400.00000000
1285001,-3945113,34200.00000000
1290001,-3944941,34400.00000000
1295001,-3944769,34400.00000000
1300001,-3944597,34400.00000000
1305001,-3944426,34200.00000000
1310001,-3944254,34400.00000000
1315001,-3944083,34200.00000000
1320001,-3943912,34200.00000000
1325001,-3943741,34200.00000000
1330001,-3943569,34400.00000000
1335001,-3943397,34400.00000000
1340001,-3943225,34400.00000000
1345001,-3943053,34400.00000000
1350001,-3942882,34200.00000000
1355001,-3942711,34200.00000000
1360001,-3942540,34200.00000000
1365001,-3942368,34400.00000000
1370001,-3942197,34200.00000000
1375001,-3942025,34400.00000000
1380001,-3941853,34400.00000000
1385001,-3941681,34400.00000000
1390001,-3941510,34200.00000000
1395001,-3941338,34400.00000000
1400001,-3941167,34200.00000000
1405001,-3940996,34200.00000000
1410001,-3940825,34200.00000000
1415001,-3940653,34400.00000000
1420001,-3940481,34400.00000000
1425001,-3940309,34400.00000000
1430001,-3940137,34400.00000000
1435001,-3939966,34200.00000000
1440001,-3939795,34200.00000000
1445001,-3939624,34200.00000000
1450001,-3939452,34400.00000000
1455001,-3939281,34200.00000000
1460001,-3939109,34400.00000000
1465001,-3938937,34400.00000000
1470001,-3938765,34400.00000000
1475001,-3938594,34200.00000000
1480001,-3938422,34400.00000000
1485001,-3938251,34200.00000000
1490001,-3938080,34200.00000000
1495001,-3937908,34400.00000000
1500001,-3937737,34200.00000000
1505001,-3937565,34400.00000000
1510001,-3937393,34400.00000000
1515001,-3937221,34400.00000000
1520001,-3937050,34200.00000000
1525001,-3936879,34200.00000000
1530001,-3936708,34200.00000000
1535001,-3936536,34400.00000000
1540001,-3936365,34200.00000000
1545001,-3936193,34400.00000000
1550001,-3936021,34400.00000000
1555001,-3935849,34400.00000000
1560001,-3935678,34200.00000000
1565001,-3935506,34400.00000000
1570001,-3935335,34200.00000000
1575001,-3935164,34200.00000000
1580001,-3934993,34200.00000000
1585001,-3934821,34400.00000000
1590001,-3934649,34400.00000000
1595001,-3934477,34400.00000000
1600001,-3934306,34200.00000000
1605001,-3934134,34400.00000000
1610001,-3933963,34200.00000000
1615001,-3933792,34200.00000000
1620001,-3933621,34200.00000000
1625001,-3933449,34400.00000000
1630001,-3933277,34400.00000000
1635001,-3933105,34400.00000000
1640001,-3932933,34400.00000000
1645001,-3932762,34200.00000000
1650001,-3932591,34200.00000000
1655001,-3932420,34200.00000000
1660001,-3932249,34200.00000000
1665001,-3932077,34400.00000000
1670001,-3931905,34400.00000000
1675001,-3931733,34400.00000000
1680001,-3931561,34400.00000000
1685001,-3931390,34200.00000000
1690001,-3931219,34200.00000000
1695001,-3931048,34200.00000000
1700001,-3930877,34200.00000000
1705001,-3930705,34400.00000000
1710001,-3930533,34400.00000000
1715001,-3930362,34200.00000000
1720001,-3930190,34400.00000000
1725001,-3930018,34400.00000000
1730001,-3929847,34200.00000000
1735001,-3929676,34200.00000000
1740001,-3929505,34200.00000000
1745001,-3929334,34200.00000000
1750001,-3929162,34400.00000000
1755001,-3928990,34400.00000000
1760001,-3928818,34400.00000000
1765001,-3928646,34400.00000000
1770001,-3928475,34200.00000000
1775001,-3928304,34200.00000000
1780001,-3928133,34200.00000000
1785001,-3927962,34200.00000000
1790001,-3927790,34400.00000000
1795001,-3927618,34400.00000000
1800001,-3927447,34200.00000000
1805001,-3927275,34400.00000000
1810001,-3927103,34400.00000000
1815001,-3926932,34200.00000000
1820001,-3926761,34200.00000000
1825001,-3926590,34200.00000000
1830001,-3926419,34200.00000000
1835001,-3926247,34400.00000000
1840001,-3926075,34400.00000000
1845001,-3925903,34400.00000000
1850001,-3925732,34200.00000000
1855001,-3925561,34200.00000000
1860001,-3925390,34200.00000000
1865001,-3925219,34200.00000000
1870001,-3925048,34200.00000000
1875001,-3924876,34400.00000000
1880001,-3924704,34400.00000000
1885001,-3924532,34400.00000000
1890001,-3924361,34200.00000000
1895001,-3924189,34400.00000000
1900001,-3924018,34200.00000000
1905001,-3923847,34200.00000000
1910001,-3923676,34200.00000000
1915001,-3923505,34200.00000000
1920001,-3923333,34400.00000000
1925001,-3923161,34400.00000000
1930001,-3922990,34200.00000000
1935001,-3922818,34400.00000000
1940001,-3922647,34200.00000000
1945001,-3922476,34200.00000000
1950001,-3922305,34200.00000000
1955001,-3922134,34200.00000000
1960001,-3921962,34400.00000000
1965001,-3921791,34200.00000000
1970001,-3921619,34400.00000000
1975001,-3921447,34400.00000000
1980001,-3921276,34200.00000000
1985001,-3921105,34200.00000000
1990001,-3920934,34200.00000000
1995001,-3920763,34200.00000000
2000001,-3920592,34200.00000000
2005001,-3920420,34400.00000000
2010001,-3920248,34400.00000000
2015001,-3920076,34400.00000000
2020001,-3919905,34200.00000000
2025001,-3919734,34200.00000000
2030001,-3919563,34200.00000000
2035001,-3919392,34200.00000000
2040001,-3919221,34200.00000000
2045001,-3919049,34400.00000000
2050001,-3918877,34400.00000000
2055001,-3918706,34200.00000000
2060001,-3918534,34400.00000000
2065001,-3918363,34200.00000000
2070001,-3918192,34200.00000000
2075001,-3918021,34200.00000000
2080001,-3917850,34200.00000000
2085001,-3917678,34400.00000000
2090001,-3917507,34200.00000000
2095001,-3917335,34400.00000000
2100001,-3917163,34400.00000000
2105001,-3916992,34200.00000000
2110001,-3916821,34200.00000000
2115001,-3916650,34200.00000000
2120001,-3916479,34200.00000000
2125001,-3916308,34200.00000000
2130001,-3916136,34400.00000000
2135001,-3915964,34400.00000000
2140001,-3915792,34400.00000000
2145001,-3915621,34200.00000000
2150001,-3915450,34200.00000000
2155001,-3915279,34200.00000000
2160001,-3915108,34200.00000000
2165001,-3914937,34200.00000000
2170001,-3914765,34400.00000000
2175001,-3914594,34200.00000000
2180001,-3914422,34400.00000000
2185001,-3914250,34400.00000000
2190001,-3914079,34200.00000000
2195001,-3913908,34200.00000000
2200001,-3913737,34200.00000000
2205001,-3913566,34200.00000000
2210001,-3913395,34200.00000000
2215001,-3913223,34400.00000000
2220001,-3913051,34400.00000000
2225001,-3912880,34200.00000000
2230001,-3912708,34400.00000000
2235001,-3912537,34200.00000000
2240001,-3912366,34200.00000000
2245001,-3912195,34200.00000000
2250001,-3912024,34200.00000000
2255001,-3911853,34200.00000000
2260001,-3911681,34400.00000000
2265001,-3911509,34400.00000000
2270001,-3911338,34200.00000000
2275001,-3911167,34200.00000000
2280001,-3910996,34200.00000000
2285001,-3910825,34200.00000000
2290001,-3910654,34200.00000000
2295001,-3910482,34400.00000000
2300001,-3910311,34200.00000000
2305001,-3910139,34400.00000000
2310001,-3909967,34400.00000000
2315001,-3909796,34200.00000000
2320001,-3909625,34200.00000000
2325001,-3909454,34200.00000000
2330001,-3909283,34200.00000000
2335001,-3909112,34200.00000000
2340001,-3908941,34200.00000000
2345001,-3908769,34400.00000000
2350001,-3908597,34400.00000000
2355001,-3908426,34200.00000000
2360001,-3908255,34200.00000000
2365001,-3908084,34200.00000000
2370001,-3907913,34200.00000000
2375001,-3907742,34200.00000000
2380001,-3907571,34200.00000000
2385001,-3907399,34400.00000000
2390001,-3907227,34400.00000000
2395001,-3907056,34200.00000000
2400001,-3906885,34200.00000000
2405001,-3906714,34200.00000000
2410001,-3906543,34200.00000000
2415001,-3906372,34200.00000000
2420001,-3906201,34200.00000000
2425001,-3906029,34400.00000000
2430001,-3905858,34200.00000000
2435001,-3905686,34400.00000000
2440001,-3905515,34200.00000000
2445001,-3905344,34200.00000000
2450001,-3905173,34200.00000000
2455001,-3905002,34200.00000000
2460001,-3904831,34200.00000000
2465001,-3904660,34200.00000000
2470001,-3904488,34400.00000000
2475001,-3904316,34400.00000000
2480001,-3904145,34200.00000000
2485001,-3903974,34200.00000000
2490001,-3903803,34200.00000000
2495001,-3903633,34000.00000000
2500001,-3903462,34200.00000000
2505001,-3903290,34400.00000000
2510001,-3903119,34200.00000000
2515001,-3902947,34400.00000000
2520001,-3902776,34200.00000000
2525001,-3902605,34200.00000000
2530001,-3902434,34200.00000000
2535001,-3902263,34200.00000000
2540001,-3902093,34000.00000000
2545001,-3901922,34200.00000000
2550001,-3901750,34400.00000000
2555001,-3901579,34200.00000000
2560001,-3901407,34400.00000000
2565001,-3901236,34200.00000000
2570001,-3901065,34200.00000000
2575001,-3900894,34200.00000000
2580001,-3900724,34000.00000000
2585001,-3900553,34200.00000000
2590001,-3900382,34200.00000000
2595001,-3900210,34400.00000000
2600001,-3900039,34200.00000000
2605001,-3899867,34400.00000000
2610001,-3899696,34200.00000000
2615001,-3899526,34000.00000000
2620001,-3899355,34200.00000000
2625001,-3899184,34200.00000000
2630001,-3899013,34200.00000000
2635001,-3898842,34200.00000000
2640001,-3898670,34400.00000000
2645001,-3898499,34200.00000000
2650001,-3898328,34200.00000000
2655001,-3898157,34200.00000000
2660001,-3897986,34200.00000000
2665001,-3897816,34000.00000000
2670001,-3897645,34200.00000000
2675001,-3897474,34200.00000000
2680001,-3897302,34400.00000000
2685001,-3897131,34200.00000000
2690001,-3896959,34400.00000000
2695001,-3896788,34200.00000000
2700001,-3896618,34000.00000000
2705001,-3896447,34200.00000000
2710001,-3896276,34200.00000000
2715001,-3896105,34200.00000000
2720001,-3895934,34200.00000000
2725001,-3895762,34400.00000000
2730001,-3895591,34200.00000000
2735001,-3895420,34200.00000000
2740001,-3895250,34000.00000000
2745001,-3895079,34200.00000000
2750001,-3894908,34200.00000000
2755001,-3894737,34200.00000000
2760001,-3894566,34200.00000000
2765001,-3894394,34400.00000000
2770001,-3894223,34200.00000000
2775001,-3894052,34200.00000000
2780001,-3893881,34200.00000000
2785001,-3893711,34000.00000000
2790001,-3893540,34200.00000000
2795001,-3893369,34200.00000000
2800001,-3893198,34200.00000000
2805001,-3893026,34400.00000000
2810001,-3892855,34200.00000000
2815001,-3892684,34200.00000000
2820001,-3892513,34200.00000000
2825001,-3892342,34200.00000000
2830001,-3892172,34000.00000000
2835001,-3892001,34200.00000000
2840001,-3891830,34200.00000000
2845001,-3891658,34400.00000000
2850001,-3891487,34200.00000000
2855001,-3891316,34200.00000000
2860001,-3891145,34200.00000000
2865001,-3890974,34200.00000000
2870001,-3890803,34200.00000000
2875001,-3890633,34000.00000000
2880001,-3890462,34200.00000000
2885001,-3890291,34200.00000000
2890001,-3890119,34400.00000000
2895001,-3889948,34200.00000000
2900001,-3889777,34200.00000000
2905001,-3889606,34200.00000000
2910001,-3889435,34200.00000000
2915001,-3889265,34000.00000000
2920001,-3889094,34200.00000000
2925001,-3888923,34200.00000000
2930001,-3888752,34200.00000000
2935001,-3888580,34400.00000000
2940001,-3888409,34200.00000000
2945001,-3888238,34200.00000000
2950001,-3888067,34200.00000000
2955001,-3887897,34000.00000000
2960001,-3887726,34200.00000000
2965001,-3887555,34200.00000000
2970001,-3887384,34200.00000000
2975001,-3887213,34200.00000000
2980001,-3887042,34200.00000000
2985001,-3886871,34200.00000000
2990001,-3886700,34200.00000000
2995001,-3886529,34200.00000000
3000001,-3886359,34000.00000000
3005001,-3886188,34200.00000000
3010001,-3886017,34200.00000000
3015001,-3885846,34200.00000000
3020001,-3885675,34200.00000000
3025001,-3885503,34400.00000000
3030001,-3885332,34200.00000000
3035001,-3885162,34000.00000000
3040001,-3884991,34200.00000000
3045001,-3884821,34000.00000000
3050001,-3884650,34200.00000000
3055001,-3884479,34200.00000000
3060001,-3884308,34200.00000000
3065001,-3884136,34400.00000000
3070001,-3883966,34000.00000000
3075001,-3883795,34200.00000000
3080001,-3883624,34200.00000000
3085001,-3883454,34000.00000000
3090001,-3883283,34200.00000000
3095001,-3883112,34200.00000000
3100001,-3882941,34200.00000000
3105001,-3882770,34200.00000000
3110001,-3882599,34200.00000000
3115001,-3882428,34200.00000000
3120001,-3882258,34000.00000000
3125001,-3882087,34200.00000000
3130001,-3881917,34000.00000000
3135001,-3881746,34200.00000000
3140001,-3881575,34200.00000000
3145001,-3881403,34400.00000000
3150001,-3881232,34200.00000000
3155001,-3881061,34200.00000000
3160001,-3880891,34000.00000000
3165001,-3880720,34200.00000000
3170001,-3880550,34000.00000000
3175001,-3880379,34200.00000000
3180001,-3880208,34200.00000000
3185001,-3880037,34200.00000000
3190001,-3879866,34200.00000000
3195001,-3879695,34200.00000000
3200001,-3879524,34200.00000000
3205001,-3879354,34000.00000000
3210001,-3879184,34000.00000000
3215001,-3879013,34200.00000000
3220001,-3878842,34200.00000000
3225001,-3878671,34200.00000000
3230001,-3878500,34200.00000000
3235001,-3878329,34200.00000000
3240001,-3878158,34200.00000000
3245001,-3877988,34000.00000000
3250001,-3877817,34200.00000000
3255001,-3877647,34000.00000000
3260001,-3877476,34200.00000000
3265001,-3877305,34200.00000000
3270001,-3877134,34200.00000000
3275001,-3876963,34200.00000000
3280001,-3876792,34200.00000000
3285001,-3876622,34000.00000000
3290001,-3876451,34200.00000000
3295001,-3876281,34000.00000000
3300001,-3876110,34200.00000000
3305001,-3875940,34000.00000000
3310001,-3875768,34400.00000000
3315001,-3875597,34200.00000000
3320001,-3875426,34200.00000000
3325001,-3875256,34000.00000000
3330001,-3875085,34200.00000000
3335001,-3874915,34000.00000000
3340001,-3874745,34000.00000000
3345001,-3874574,34200.00000000
3350001,-3874403,34200.00000000
3355001,-3874232,34200.00000000
3360001,-3874061,34200.00000000
3365001,-3873890,34200.00000000
3370001,-3873719,34200.00000000
3375001,-3873549,34000.00000000
3380001,-3873379,34000.00000000
3385001,-3873208,34200.00000000
3390001,-3873037,34200.00000000
3395001,-3872866,34200.00000000
3400001,-3872695,34200.00000000
3405001,-3872524,34200.00000000
3410001,-3872354,34000.00000000
3415001,-3872183,34200.00000000
3420001,-3872013,34000.00000000
3425001,-3871843,34000.00000000
3430001,-3871672,34200.00000000
3435001,-3871501,34200.00000000
3440001,-3871330,34200.00000000
3445001,-3871159,34200.00000000
3450001,-3870988,34200.00000000
3455001,-3870818,34000.00000000
3460001,-3870647,34200.00000000
3465001,-3870477,34000.00000000
3470001,-3870307,34000.00000000
3475001,-3870136,34200.00000000
3480001,-3869965,34200.00000000
3485001,-3869794,34200.00000000
3490001,-3869623,34200.00000000
3495001,-3869453,34000.00000000
3500001,-3869282,34200.00000000
3505001,-3869112,34000.00000000
3510001,-3868942,34000.00000000
3515001,-3868771,34200.00000000
3520001,-3868600,34200.00000000
3525001,-3868429,34200.00000000
3530001,-3868258,34200.00000000
3535001,-3868088,34000.00000000
3540001,-3867917,34200.00000000
3545001,-3867747,34000.00000000
3550001,-3867577,34000.00000000
3555001,-3867407,34000.00000000
3560001,-3867236,34200.00000000
3565001,-3867065,34200.00000000
3570001,-3866894,34200.00000000
3575001,-3866723,34200.00000000
3580001,-3866553,34000.00000000
3585001,-3866382,34200.00000000
3590001,-3866212,34000.00000000
3595001,-3866042,34000.00000000
3600001,-3865871,34200.00000000
3605001,-3865700,34200.00000000
3610001,-3865529,34200.00000000
3615001,-3865359,34000.00000000
3620001,-3865188,34200.00000000
3625001,-3865018,34000.00000000
3630001,-3864848,34000.00000000
3635001,-3864677,34200.00000000
3640001,-3864507,34000.00000000
3645001,-3864336,34200.00000000
3650001,-3864165,34200.00000000
3655001,-3863994,34200.00000000
3660001,-3863823,34200.00000000
3665001,-3863653,34000.00000000
3670001,-3863483,34000.00000000
3675001,-3863313,34000.00000000
3680001,-3863142,34200.00000000
3685001,-3862972,34000.00000000
3690001,-3862801,34200.00000000
3695001,-3862630,34200.00000000
3700001,-3862459,34200.00000000
3705001,-3862288,34200.00000000
3710001,-3862118,34000.00000000
3715001,-3861948,34000.00000000
3720001,-3861778,34000.00000000
3725001,-3861607,34200.00000000
3730001,-3861436,34200.00000000
3735001,-3861265,34200.00000000
3740001,-3861094,34200.00000000
3745001,-3860924,34000.00000000
3750001,-3860753,34200.00000000
3755001,-3860583,34000.00000000
3760001,-3860413,34000.00000000
3765001,-3860243,34000.00000000
3770001,-3860072,34200.00000000
3775001,-3859901,34200.00000000
3780001,-3859730,34200.00000000
3785001,-3859559,34200.00000000
3790001,-3859389,34000.00000000
3795001,-3859218,34200.00000000
3800001,-3859048,34000.00000000
3805001,-3858878,34000.00000000
3810001,-3858707,34200.00000000
3815001,-3858536,34200.00000000
3820001,-3858366,34000.00000000
3825001,-3858195,34200.00000000
3830001,-3858024,34200.00000000
3835001,-3857854,34000.00000000
3840001,-3857683,34200.00000000
3845001,-3857513,34000.00000000
3850001,-3857343,34000.00000000
3855001,-3857172,34200.00000000
3860001,-3857001,34200.00000000
3865001,-3856830,34200.00000000
3870001,-3856660,34000.00000000
3875001,-3856489,34200.00000000
3880001,-3856319,34000.00000000
3885001,-3856149,34000.00000000
3890001,-3855979,34000.00000000
3895001,-3855808,34200.00000000
3900001,-3855637,34200.00000000
3905001,-3855466,34200.00000000
3910001,-3855295,34200.00000000
3915001,-3855125,34000.00000000
3920001,-3854955,34000.00000000
3925001,-3854784,34200.00000000
3930001,-3854614,34000.00000000
3935001,-3854444,34000.00000000
3940001,-3854273,34200.00000000
3945001,-3854102,34200.00000000
3950001,-3853931,34200.00000000
3955001,-3853761,34000.00000000
3960001,-3853590,34200.00000000
3965001,-3853420,34000.00000000
3970001,-3853250,34000.00000000
3975001,-3853080,34000.00000000
3980001,-3852909,34200.00000000
3985001,-3852738,34200.00000000
3990001,-3852567,34200.00000000
3995001,-3852396,34200.00000000
4000001,-3852226,34000.00000000
4005001,-3852056,34000.00000000
4010001,-3851886,34000.00000000
4015001,-3851715,34200.00000000
4020001,-3851545,34000.00000000
4025001,-3851374,34200.00000000
4030001,-3851203,34200.00000000
4035001,-3851032,34200.00000000
4040001,-3850862,34000.00000000
4045001,-3850691,34200.00000000
4050001,-3850521,34000.00000000
4055001,-3850351,34000.00000000
4060001,-3850181,34000.00000000
4065001,-3850010,34200.00000000
4070001,-3849839,34200.00000000
4075001,-3849668,34200.00000000
4080001,-3849498,34000.00000000
4085001,-3849327,34200.00000000
4090001,-3849157,34000.00000000
4095001,-3848987,34000.00000000
4100001,-3848817,34000.00000000
4105001,-3848646,34200.00000000
4110001,-3848475,34200.00000000
4115001,-3848304,34200.00000000
4120001,-3848134,34000.00000000
4125001,-3847963,34200.00000000
4130001,-3847793,34000.00000000
4135001,-3847623,34000.00000000
4140001,-3847452,34200.00000000
4145001,-3847282,34000.00000000
4150001,-3847111,34200.00000000
4155001,-3846940,34200.00000000
4160001,-3846770,34000.00000000
4165001,-3846599,34200.00000000
4170001,-3846428,34200.00000000
4175001,-3846258,34000.00000000
4180001,-3846088,34000.00000000
4185001,-3845918,34000.00000000
4190001,-3845747,34200.00000000
4195001,-3845577,34000.00000000
4200001,-3845406,34200.00000000
4205001,-3845235,34200.00000000
4210001,-3845064,34200.00000000
4215001,-3844894,34000.00000000
4220001,-3844724,34000.00000000
4225001,-3844554,34000.00000000
4230001,-3844383,34200.00000000
4235001,-3844213,34000.00000000
4240001,-3844042,34200.00000000
4245001,-3843871,34200.00000000
4250001,-3843700,34200.00000000
4255001,-3843530,34000.00000000
4260001,-3843360,34000.00000000
4265001,-3843190,34000.00000000
4270001,-3843020,34000.00000000
4275001,-3842849,34200.00000000
4280001,-3842678,34200.00000000
4285001,-3842507,34200.00000000
4290001,-3842336,34200.00000000
4295001,-3842166,34000.00000000
4300001,-3841996,34000.00000000
4305001,-3841826,34000.00000000
4310001,-3841656,34000.00000000
4315001,-3841485,34200.00000000
4320001,-3841315,34000.00000000
4325001,-3841144,34200.00000000
4330001,-3840973,34200.00000000
4335001,-3840802,34200.00000000
4340001,-3840632,34000.00000000
4345001,-3840462,34000.00000000
4350001,-3840292,34000.00000000
4355001,-3840122,34000.00000000
4360001,-3839951,34200.00000000
4365001,-3839780,34200.00000000
4370001,-3839610,34000.00000000
4375001,-3839439,34200.00000000
4380001,-3839268,34200.00000000
4385001,-3839098,34000.00000000
4390001,-3838928,34000.00000000
4395001,-3838758,34000.00000000
4400001,-3838588,34000.00000000
4405001,-3838417,34200.00000000
4410001,-3838246,34200.00000000
4415001,-3838075,34200.00000000
4420001,-3837905,34000.00000000
4425001,-3837734,34200.00000000
4430001,-3837564,34000.00000000
4435001,-3837394,34000.00000000
4440001,-3837224,34000.00000000
4445001,-3837054,34000.00000000
4450001,-3836883,34200.00000000
4455001,-3836712,34200.00000000
4460001,-3836541,34200.00000000
4465001,-3836371,34000.00000000
4470001,-3836201,34000.00000000
4475001,-3836031,34000.00000000
4480001,-3835861,34000.00000000
4485001,-3835690,34200.00000000
4490001,-3835520,34000.00000000
4495001,-3835349,34200.00000000
4500001,-3835178,34200.00000000
4505001,-3835007,34200.00000000
4510001,-3834837,34000.00000000
4515001,-3834667,34000.00000000
4520001,-3834497,34000.00000000
4525001,-3834327,34000.00000000
4530001,-3834156,34200.00000000
4535001,-3833986,34000.00000000
4540001,-3833815,34200.00000000
4545001,-3833644,34200.00000000
4550001,-3833474,34000.00000000
4555001,-3833303,34200.00000000
4560001,-3833134,33800.00000000
4565001,-3832963,34200.00000000
4570001,-3832793,34000.00000000
4575001,-3832622,34200.00000000
4580001,-3832451,34200.00000000
4585001,-3832281,34000.00000000
4590001,-3832110,34200.00000000
4595001,-3831940,34000.00000000
4600001,-3831770,34000.00000000
4605001,-3831600,34000.00000000
4610001,-3831430,34000.00000000
4615001,-3831259,34200.00000000
4620001,-3831088,34200.00000000
4625001,-3830917,34200.00000000
4630001,-3830747,34000.00000000
4635001,-3830576,34200.00000000
4640001,-3830406,34000.00000000
4645001,-3830236,34000.00000000
4650001,-3830066,34000.00000000
4655001,-3829896,34000.00000000
4660001,-3829725,34200.00000000
4665001,-3829554,34200.00000000
4670001,-3829383,34200.00000000
4675001,-3829213,34000.00000000
4680001,-3829043,34000.00000000
4685001,-3828873,34000.00000000
4690001,-3828703,34000.00000000
4695001,-3828533,34000.00000000
4700001,-3828362,34200.00000000
4705001,-3828191,34200.00000000
4710001,-3828020,34200.00000000
4715001,-3827850,34000.00000000
4720001,-3827679,34200.00000000
4725001,-3827509,34000.00000000
4730001,-3827340,33800.00000000
4735001,-3827169,34200.00000000
4740001,-3826999,34000.00000000
4745001,-3826828,34200.00000000
4750001,-3826657,34200.00000000
4755001,-3826487,34000.00000000
4760001,-3826316,34200.00000000
4765001,-3826146,34000.00000000
4770001,-3825976,34000.00000000
4775001,-3825806,34000.00000000
4780001,-3825636,34000.00000000
4785001,-3825465,34200.00000000
4790001,-3825294,34200.00000000
4795001,-3825123,34200.00000000
4800001,-3824953,34000.00000000
4805001,-3824783,34000.00000000
4810001,-3824613,34000.00000000
4815001,-3824443,34000.00000000
4820001,-3824273,34000.00000000
4825001,-3824102,34200.00000000
4830001,-3823931,34200.00000000
4835001,-3823761,34000.00000000
4840001,-3823590,34200.00000000
4845001,-3823420,34000.00000000
4850001,-3823250,34000.00000000
4855001,-3823080,34000.00000000
4860001,-3822910,34000.00000000
4865001,-3822739,34200.00000000
4870001,-3822569,34000.00000000
4875001,-3822398,34200.00000000
4880001,-3822227,34200.00000000
4885001,-3822057,34000.00000000
4890001,-3821887,34000.00000000
4895001,-3821717,34000.00000000
4900001,-3821547,34000.00000000
4905001,-3821377,34000.00000000
4910001,-3821206,34200.00000000
4915001,-3821035,34200.00000000
4920001,-3820865,34000.00000000
4925001,-3820694,34200.00000000
4930001,-3820524,34000.00000000
4935001,-3820354,34000.00000000
4940001,-3820184,34000.00000000
4945001,-3820014,34000.00000000
4950001,-3819843,34200.00000000
4955001,-3819673,34000.00000000
4960001,-3819502,34200.00000000
4965001,-3819331,34200.00000000
4970001,-3819161,34000.00000000
4975001,-3818991,34000.00000000
4980001,-3818821,34000.00000000
4985001,-3818651,34000.00000000
4990001,-3818481,34000.00000000
4995001,-3818310,34200.00000000
5000001,-3818139,34200.00000000
5005001,-3817969,34000.00000000
5010001,-3817798,34200.00000000
5015001,-3817628,34000.00000000
5020001,-3817458,34000.00000000
5025001,-3817288,34000.00000000
5030001,-3817118,34000.00000000
5035001,-3816947,34200.00000000
5040001,-3816777,34000.00000000
5045001,-3816606,34200.00000000
5050001,-3816435,34200.00000000
5055001,-3816265,34000.00000000
5060001,-3816095,34000.00000000
5065001,-3815925,34000.00000000
5070001,-3815755,34000.00000000
5075001,-3815585,34000.00000000
5080001,-3815414,34200.00000000
5085001,-3815243,34200.00000000
5090001,-3815073,34000.00000000
5095001,-3814902,34200.00000000
5100001,-3814732,34000.00000000
5105001,-3814562,34000.00000000
5110001,-3814392,34000.00000000
5115001,-3814222,34000.00000000
5120001,-3814051,34200.00000000
5125001,-3813881,34000.00000000
5130001,-3813710,34200.00000000
5135001,-3813539,34200.00000000
5140001,-3813369,34000.00000000
5145001,-3813199,34000.00000000
5150001,-3813029,34000.00000000
5155001,-3812859,34000.00000000
5160001,-3812689,34000.00000000
5165001,-3812518,34200.00000000
5170001,-3812347,34200.00000000
5175001,-3812177,34000.00000000
5180001,-3812006,34200.00000000
5185001,-3811836,34000.00000000
5190001,-3811666,34000.00000000
5195001,-3811496,34000.00000000
5200001,-3811326,34000.00000000
5205001,-3811156,34000.00000000
5210001,-3810985,34200.00000000
5215001,-3810814,34200.00000000
5220001,-3810644,34000.00000000
5225001,-3810474,34000.00000000
5230001,-3810303,34200.00000000
5235001,-3810134,33800.00000000
5240001,-3809964,34000.00000000
5245001,-3809794,34000.00000000
5250001,-3809623,34200.00000000
5255001,-3809452,34200.00000000
5260001,-3809281,34200.00000000
5265001,-3809111,34000.00000000
5270001,-3808941,34000.00000000
5275001,-3808771,34000.00000000
5280001,-3808601,34000.00000000
5285001,-3808431,34000.00000000
5290001,-3808261,34000.00000000
5295001,-3808090,34200.00000000
5300001,-3807919,34200.00000000
5305001,-3807749,34000.00000000
5310001,-3807578,34200.00000000
5315001,-3807408,34000.00000000
5320001,-3807239,33800.00000000
5325001,-3807069,34000.00000000
5330001,-3806898,34200.00000000
5335001,-3806728,34000.00000000
5340001,-3806557,34200.00000000
5345001,-3806386,34200.00000000
5350001,-3806216,34000.00000000
5355001,-3806046,34000.00000000
5360001,-3805876,34000.00000000
5365001,-3805706,34000.00000000
5370001,-3805536,34000.00000000
5375001,-3805366,34000.00000000
5380001,-3805195,34200.00000000
5385001,-3805024,34200.00000000
5390001,-3804854,34000.00000000
5395001,-3804683,34200.00000000
5400001,-3804513,34000.00000000
5405001,-3804343,34000.00000000
5410001,-3804173,34000.00000000
5415001,-3804003,34000.00000000
5420001,-3803832,34200.00000000
5425001,-3803662,34000.00000000
5430001,-3803491,34200.00000000
5435001,-3803321,34000.00000000
5440001,-3803151,34000.00000000
5445001,-3802981,34000.00000000
5450001,-3802811,34000.00000000
5455001,-3802641,34000.00000000
5460001,-3802470,34200.00000000
5465001,-3802299,34200.00000000
5470001,-3802129,34000.00000000
5475001,-3801958,34200.00000000
5480001,-3801788,34000.00000000
5485001,-3801618,34000.00000000
5490001,-3801448,34000.00000000
5495001,-3801278,34000.00000000
5500001,-3801108,34000.00000000
5505001,-3800937,34200.00000000
5510001,-3800766,34200.00000000
5515001,-3800596,34000.00000000
5520001,-3800425,34200.00000000
5525001,-3800255,34000.00000000
5530001,-3800085,34000.00000000
5535001,-3799915,34000.00000000
5540001,-3799745,34000.00000000
5545001,-3799575,34000.00000000
5550001,-3799404,34200.00000000
5555001,-3799233,34200.00000000
5560001,-3799063,34000.00000000
5565001,-3798893,34000.00000000
5570001,-3798723,34000.00000000
5575001,-3798553,34000.00000000
5580001,-3798383,34000.00000000
5585001,-3798212,34200.00000000
5590001,-3798042,34000.00000000
5595001,-3797871,34200.00000000
5600001,-3797700,34200.00000000
5605001,-3797530,34000.00000000
5610001,-3797360,34000.00000000
5615001,-3797190,34000.00000000
5620001,-3797020,34000.00000000
5625001,-3796850,34000.00000000
5630001,-3796680,34000.00000000
5635001,-3796509,34200.00000000
5640001,-3796338,34200.00000000
5645001,-3796168,34000.00000000
5650001,-3795998,34000.00000000
5655001,-3795828,34000.00000000
5660001,-3795658,34000.00000000
5665001,-3795488,34000.00000000
5670001,-3795317,34200.00000000
5675001,-3795147,34000.00000000
5680001,-3794976,34200.00000000
5685001,-3794805,34200.00000000
5690001,-3794635,34000.00000000
5695001,-3794465,34000.00000000
5700001,-3794295,34000.00000000
5705001,-3794125,34000.00000000
5710001,-3793955,34000.00000000
5715001,-3793785,34000.00000000
5720001,-3793614,34200.00000000
5725001,-3793443,34200.00000000
5730001,-3793273,34000.00000000
5735001,-3793103,34000.00000000
5740001,-3792933,34000.00000000
5745001,-3792763,34000.00000000
5750001,-3792593,34000.00000000
5755001,-3792423,34000.00000000
5760001,-3792252,34200.00000000
5765001,-3792082,34000.00000000
5770001,-3791911,34200.00000000
5775001,-3791741,34000.00000000
5780001,-3791571,34000.00000000
5785001,-3791401,34000.00000000
5790001,-3791231,34000.00000000
5795001,-3791061,34000.00000000
5800001,-3790890,34200.00000000
5805001,-3790720,34000.00000000
5810001,-3790549,34200.00000000
5815001,-3790379,34000.00000000
5820001,-3790209,34000.00000000
5825001,-3790039,34000.00000000
5830001,-3789869,34000.00000000
5835001,-3789699,34000.00000000
5840001,-3789529,34000.00000000
5845001,-3789358,34200.00000000
5850001,-3789187,34200.00000000
5855001,-3789017,34000.00000000
5860001,-3788847,34000.00000000
5865001,-3788677,34000.00000000
5870001,-3788507,34000.00000000
5875001,-3788337,34000.00000000
5880001,-3788167,34000.00000000
5885001,-3787996,34200.00000000
5890001,-3787826,34000.00000000
5895001,-3787655,34200.00000000
5900001,-3787485,34000.00000000
5905001,-3787315,34000.00000000
5910001,-3787145,34000.00000000
5915001,-3786976,33800.00000000
5920001,-3786806,34000.00000000
5925001,-3786635,34200.00000000
5930001,-3786465,34000.00000000
5935001,-3786294,34200.00000000
5940001,-3786124,34000.00000000
5945001,-3785954,34000.00000000
5950001,-3785784,34000.00000000
5955001,-3785614,34000.00000000
5960001,-3785444,34000.00000000
5965001,-3785274,34000.00000000
5970001,-3785104,34000.00000000
5975001,-3784933,34200.00000000
5980001,-3784763,34000.00000000
5985001,-3784593,34000.00000000
5990001,-3784423,34000.00000000
5995001,-3784253,34000.00000000
6000001,-3784083,34000.00000000
6005001,-3783913,34000.00000000
6010001,-3783743,34000.00000000
6015001,-3783573,34000.00000000
6020001,-3783402,34200.00000000
6025001,-3783232,34000.00000000
6030001,-3783062,34000.00000000
6035001,-3782892,34000.00000000
6040001,-3782723,33800.00000000
6045001,-3782553,34000.00000000
6050001,-3782383,34000.00000000
6055001,-3782212,34200.00000000
6060001,-3782042,34000.00000000
6065001,-3781871,34200.00000000
6070001,-3781701,34000.00000000
6075001,-3781531,34000.00000000
6080001,-3781362,33800.00000000
6085001,-3781192,34000.00000000
6090001,-3781022,34000.00000000
6095001,-3780852,34000.00000000
6100001,-3780682,34000.00000000
6105001,-3780511,34200.00000000
6110001,-3780341,34000.00000000
6115001,-3780171,34000.00000000
6120001,-3780002,33800.00000000
6125001,-3779832,34000.00000000
6130001,-3779662,34000.00000000
6135001,-3779492,34000.00000000
6140001,-3779322,34000.00000000
6145001,-3779151,34200.00000000
6150001,-3778981,34000.00000000
6155001,-3778811,34000.00000000
6160001,-3778642,33800.00000000
6165001,-3778472,34000.00000000
6170001,-3778302,34000.00000000
6175001,-3778133,33800.00000000
6180001,-3777962,34200.00000000
6185001,-3777792,34000.00000000
6190001,-3777622,34000.00000000
6195001,-3777452,34000.00000000
6200001,-3777282,34000.00000000
6205001,-3777112,34000.00000000
6210001,-3776943,33800.00000000
6215001,-3776773,34000.00000000
6220001,-3776603,34000.00000000
6225001,-3776433,34000.00000000
6230001,-3776263,34000.00000000
6235001,-3776092,34200.00000000
6240001,-3775922,34000.00000000
6245001,-3775753,33800.00000000
6250001,-3775583,34000.00000000
6255001,-3775414,33800.00000000
6260001,-3775244,34000.00000000
6265001,-3775074,34000.00000000
6270001,-3774904,34000.00000000
6275001,-3774734,34000.00000000
6280001,-3774563,34200.00000000
6285001,-3774394,33800.00000000
6290001,-3774224,34000.00000000
6295001,-3774055,33800.00000000
6300001,-3773885,34000.00000000
6305001,-3773715,34000.00000000
6310001,-3773545,34000.00000000
6315001,-3773375,34000.00000000
6320001,-3773205,34000.00000000
6325001,-3773035,34000.00000000
6330001,-3772865,34000.00000000
6335001,-3772696,33800.00000000
6340001,-3772526,34000.00000000
6345001,-3772357,33800.00000000
6350001,-3772186,34200.00000000
6355001,-3772016,34000.00000000
6360001,-3771846,34000.00000000
6365001,-3771676,34000.00000000
6370001,-3771506,34000.00000000
6375001,-3771337,33800.00000000
6380001,-3771168,33800.00000000
6385001,-3770998,34000.00000000
6390001,-3770828,34000.00000000
6395001,-3770658,34000.00000000
6400001,-3770488,34000.00000000
6405001,-3770318,34000.00000000
6410001,-3770148,34000.00000000
6415001,-3769978,34000.00000000
6420001,-3769809,33800.00000000
6425001,-3769639,34000.00000000
6430001,-3769470,33800.00000000
6435001,-3769300,34000.00000000
6440001,-3769130,34000.00000000
6445001,-3768959,34200.00000000
6450001,-3768789,34000.00000000
6455001,-3768620,33800.00000000
6460001,-3768450,34000.00000000
6465001,-3768281,33800.00000000
6470001,-3768111,34000.00000000
6475001,-3767942,33800.00000000
6480001,-3767771,34200.00000000
6485001,-3767601,34000.00000000
6490001,-3767431,34000.00000000
6495001,-3767262,33800.00000000
6500001,-3767092,34000.00000000
6505001,-3766923,33800.00000000
6510001,-3766754,33800.00000000
6515001,-3766584,34000.00000000
6520001,-3766414,34000.00000000
6525001,-3766244,34000.00000000
6530001,-3766074,34000.00000000
6535001,-3765904,34000.00000000
6540001,-3765734,34000.00000000
6545001,-3765565,33800.00000000
6550001,-3765396,33800.00000000
6555001,-3765226,34000.00000000
6560001,-3765056,34000.00000000
6565001,-3764886,34000.00000000
6570001,-3764716,34000.00000000
6575001,-3764546,34000.00000000
6580001,-3764377,33800.00000000
6585001,-3764207,34000.00000000
6590001,-3764038,33800.00000000
6595001,-3763869,33800.00000000
6600001,-3763699,34000.00000000
6605001,-3763529,34000.00000000
6610001,-3763359,34000.00000000
6615001,-3763189,34000.00000000
6620001,-3763019,34000.00000000
6625001,-3762849,34000.00000000
6630001,-3762680,33800.00000000
6635001,-3762511,33800.00000000
6640001,-3762341,34000.00000000
6645001,-3762172,33800.00000000
6650001,-3762002,34000.00000000
6655001,-3761831,34200.00000000
6660001,-3761662,33800.00000000
6665001,-3761492,34000.00000000
6670001,-3761322,34000.00000000
6675001,-3761153,33800.00000000
6680001,-3760984,33800.00000000
6685001,-3760814,34000.00000000
6690001,-3760644,34000.00000000
6695001,-3760474,34000.00000000
6700001,-3760304,34000.00000000
6705001,-3760134,34000.00000000
6710001,-3759965,33800.00000000
6715001,-3759795,34000.00000000
6720001,-3759626,33800.00000000
6725001,-3759457,33800.00000000
6730001,-3759287,34000.00000000
6735001,-3759117,34000.00000000
6740001,-3758947,34000.00000000
6745001,-3758777,34000.00000000
6750001,-3758607,34000.00000000
6755001,-3758438,33800.00000000
6760001,-3758268,34000.00000000
6765001,-3758099,33800.00000000
6770001,-3757930,33800.00000000
6775001,-3757760,34000.00000000
6780001,-3757590,34000.00000000
6785001,-3757419,34200.00000000
6790001,-3757250,33800.00000000
6795001,-3757080,34000.00000000
6800001,-3756911,33800.00000000
6805001,-3756742,33800.00000000
6810001,-3756572,34000.00000000
6815001,-3756403,33800.00000000
6820001,-3756232,34200.00000000
6825001,-3756062,34000.00000000
6830001,-3755892,34000.00000000
6835001,-3755723,33800.00000000
6840001,-3755554,33800.00000000
6845001,-3755384,34000.00000000
6850001,-3755215,33800.00000000
6855001,-3755045,34000.00000000
6860001,-3754875,34000.00000000
6865001,-3754705,34000.00000000
6870001,-3754535,34000.00000000
6875001,-3754366,33800.00000000
6880001,-3754196,34000.00000000
6885001,-3754027,33800.00000000
6890001,-3753858,33800.00000000
6895001,-3753688,34000.00000000
6900001,-3753518,34000.00000000
6905001,-3753348,34000.00000000
6910001,-3753178,34000.00000000
6915001,-3753008,34000.00000000
6920001,-3752839,33800.00000000
6925001,-3752669,34000.00000000
6930001,-3752500,33800.00000000
6935001,-3752331,33800.00000000
6940001,-3752161,34000.00000000
6945001,-3751991,34000.00000000
6950001,-3751821,34000.00000000
6955001,-3751651,34000.00000000
6960001,-3751481,34000.00000000
6965001,-3751312,33800.00000000
6970001,-3751143,33800.00000000
6975001,-3750974,33800.00000000
6980001,-3750804,34000.00000000
6985001,-3750634,34000.00000000
6990001,-3750464,34000.00000000
6995001,-3750294,34000.00000000
7000001,-3750124,34000.00000000
7005001,-3749955,33800.00000000
7010001,-3749785,34000.00000000
7015001,-3749616,33800.00000000
7020001,-3749447,33800.00000000
7025001,-3749277,34000.00000000
7030001,-3749107,34000.00000000
7035001,-3748937,34000.00000000
7040001,-3748767,34000.00000000
7045001,-3748598,33800.00000000
7050001,-3748428,34000.00000000
7055001,-3748259,33800.00000000
7060001,-3748090,33800.00000000
7065001,-3747920,34000.00000000
7070001,-3747750,34000.00000000
7075001,-3747580,34000.00000000
7080001,-3747410,34000.00000000
7085001,-3747240,34000.00000000
7090001,-3747071,33800.00000000
7095001,-3746902,33800.00000000
7100001,-3746732,34000.00000000
7105001,-3746563,33800.00000000
7110001,-3746393,34000.00000000
7115001,-3746223,34000.00000000
7120001,-3746053,34000.00000000
7125001,-3745883,34000.00000000
7130001,-3745714,33800.00000000
7135001,-3745544,34000.00000000
7140001,-3745375,33800.00000000
7145001,-3745206,33800.00000000
7150001,-3745036,34000.00000000
7155001,-3744866,34000.00000000
7160001,-3744696,34000.00000000
7165001,-3744526,34000.00000000
7170001,-3744356,34000.00000000
7175001,-3744187,33800.00000000
7180001,-3744018,33800.00000000
7185001,-3743848,34000.00000000
7190001,-3743679,33800.00000000
7195001,-3743509,34000.00000000
7200001,-3743339,34000.00000000
7205001,-3743169,34000.00000000
7210001,-3742999,34000.00000000
7215001,-3742830,33800.00000000
7220001,-3742660,34000.00000000
7225001,-3742491,33800.00000000
7230001,-3742322,33800.00000000
7235001,-3742152,34000.00000000
7240001,-3741982,34000.00000000
7245001,-3741812,34000.00000000
7250001,-3741642,34000.00000000
7255001,-3741472,34000.00000000
7260001,-3741303,33800.00000000
7265001,-3741133,34000.00000000
7270001,-3740964,33800.00000000
7275001,-3740795,33800.00000000
7280001,-3740625,34000.00000000
7285001,-3740455,34000.00000000
7290001,-3740285,34000.00000000
7295001,-3740115,34000.00000000
7300001,-3739946,33800.00000000
7305001,-3739776,34000.00000000
7310001,-3739607,33800.00000000
7315001,-3739438,33800.00000000
7320001,-3739268,34000.00000000
7325001,-3739098,34000.00000000
7330001,-3738928,34000.00000000
7335001,-3738758,34000.00000000
7340001,-3738588,34000.00000000
7345001,-3738419,33800.00000000
7350001,-3738249,34000.00000000
7355001,-3738080,33800.00000000
7360001,-3737911,33800.00000000
7365001,-3737741,34000.00000000
7370001,-3737571,34000.00000000
7375001,-3737401,34000.00000000
7380001,-3737231,34000.00000000
7385001,-3737062,33800.00000000
7390001,-3736892,34000.00000000
7395001,-3736723,33800.00000000
7400001,-3736554,33800.00000000
7405001,-3736384,34000.00000000
7410001,-3736214,34000.00000000
7415001,-3736044,34000.00000000
7420001,-3735874,34000.00000000
7425001,-3735704,34000.00000000
7430001,-3735535,33800.00000000
7435001,-3735365,34000.00000000
7440001,-3735196,33800.00000000
7445001,-3735027,33800.00000000
7450001,-3734857,34000.00000000
7455001,-3734687,34000.00000000
7460001,-3734517,34000.00000000
7465001,-3734347,34000.00000000
7470001,-3734178,33800.00000000
7475001,-3734008,34000.00000000
7480001,-3733839,33800.00000000
7485001,-3733670,33800.00000000
7490001,-3733500,34000.00000000
7495001,-3733330,34000.00000000
7500001,-3733160,34000.00000000
7505001,-3732990,34000.00000000
7510001,-3732820,34000.00000000
7515001,-3732651,33800.00000000
7520001,-3732482,33800.00000000
7525001,-3732313,33800.00000000
7530001,-3732143,34000.00000000
7535001,-3731974,33800.00000000
7540001,-3731803,34200.00000000
7545001,-3731634,33800.00000000
7550001,-3731463,34200.00000000
7555001,-3731294,33800.00000000
7560001,-3731124,34000.00000000
7565001,-3730955,33800.00000000
7570001,-3730786,33800.00000000
7575001,-3730616,34000.00000000
7580001,-3730447,33800.00000000
7585001,-3730276,34200.00000000
7590001,-3730107,33800.00000000
7595001,-3729937,34000.00000000
7600001,-3729767,34000.00000000
7605001,-3729598,33800.00000000
7610001,-3729429,33800.00000000
7615001,-3729259,34000.00000000
7620001,-3729090,33800.00000000
7625001,-3728920,34000.00000000
7630001,-3728750,34000.00000000
7635001,-3728580,34000.00000000
7640001,-3728410,34000.00000000
7645001,-3728241,33800.00000000
7650001,-3728071,34000.00000000
7655001,-3727902,33800.00000000
7660001,-3727733,33800.00000000
7665001,-3727563,34000.00000000
7670001,-3727393,34000.00000000
7675001,-3727223,34000.00000000
7680001,-3727053,34000.00000000
7685001,-3726884,33800.00000000
7690001,-3726714,34000.00000000
7695001,-3726545,33800.00000000
7700001,-3726376,33800.00000000
7705001,-3726206,34000.00000000
7710001,-3726036,34000.00000000
7715001,-3725866,34000.00000000
7720001,-3725696,34000.00000000
7725001,-3725527,33800.00000000
7730001,-3725357,34000.00000000
7735001,-3725188,33800.00000000
7740001,-3725019,33800.00000000
7745001,-3724849,34000.00000000
7750001,-3724679,34000.00000000
7755001,-3724509,34000.00000000
7760001,-3724339,34000.00000000
7765001,-3724170,33800.00000000
7770001,-3724000,34000.00000000
7775001,-3723831,33800.00000000
7780001,-3723662,33800.00000000
7785001,-3723492,34000.00000000
7790001,-3723323,33800.00000000
7795001,-3723153,34000.00000000
7800001,-3722983,34000.00000000
7805001,-3722813,34000.00000000
7810001,-3722643,34000.00000000
7815001,-3722474,33800.00000000
7820001,-3722305,33800.00000000
7825001,-3722135,34000.00000000
7830001,-3721966,33800.00000000
7835001,-3721796,34000.00000000
7840001,-3721626,34000.00000000
7845001,-3721456,34000.00000000
7850001,-3721286,34000.00000000
7855001,-3721117,33800.00000000
7860001,-3720947,34000.00000000
7865001,-3720778,33800.00000000
7870001,-3720609,33800.00000000
7875001,-3720439,34000.00000000
7880001,-3720269,34000.00000000
7885001,-3720099,34000.00000000
7890001,-3719929,34000.00000000
7895001,-3719760,33800.00000000
7900001,-3719590,34000.00000000
7905001,-3719421,33800.00000000
7910001,-3719252,33800.00000000
7915001,-3719082,34000.00000000
7920001,-3718912,34000.00000000
7925001,-3718742,34000.00000000
7930001,-3718572,34000.00000000
7935001,-3718403,33800.00000000
7940001,-3718233,34000.00000000
7945001,-3718064,33800.00000000
7950001,-3717895,33800.00000000
7955001,-3717725,34000.00000000
7960001,-3717556,33800.00000000
7965001,-3717386,34000.00000000
7970001,-3717215,34200.00000000
7975001,-3717046,33800.00000000
7980001,-3716876,34000.00000000
7985001,-3716707,33800.00000000
7990001,-3716537,34000.00000000
7995001,-3716368,33800.00000000
8000001,-3716199,33800.00000000
8005001,-3716029,34000.00000000
8010001,-3715859,34000.00000000
8015001,-3715688,34200.00000000
8020001,-3715519,33800.00000000
8025001,-3715349,34000.00000000
8030001,-3715180,33800.00000000
8035001,-3715011,33800.00000000
8040001,-3714841,34000.00000000
8045001,-3714671,34000.00000000
8050001,-3714501,34000.00000000
8055001,-3714331,34000.00000000
8060001,-3714161,34000.00000000
8065001,-3713992,33800.00000000
8070001,-3713822,34000.00000000
8075001,-3713653,33800.00000000
8080001,-3713484,33800.00000000
8085001,-3713314,34000.00000000
8090001,-3713144,34000.00000000
8095001,-3712974,34000.00000000
8100001,-3712804,34000.00000000
8105001,-3712634,34000.00000000
8110001,-3712465,33800.00000000
8115001,-3712295,34000.00000000
8120001,-3712126,33800.00000000
8125001,-3711957,33800.00000000
8130001,-3711787,34000.00000000
8135001,-3711617,34000.00000000
8140001,-3711447,34000.00000000
8145001,-3711277,34000.00000000
8150001,-3711107,34000.00000000
8155001,-3710938,33800.00000000
8160001,-3710769,33800.00000000
8165001,-3710599,34000.00000000
8170001,-3710430,33800.00000000
8175001,-3710260,34000.00000000
8180001,-3710090,34000.00000000
8185001,-3709920,34000.00000000
8190001,-3709750,34000.00000000
8195001,-3709580,34000.00000000
8200001,-3709411,33800.00000000
8205001,-3709242,33800.00000000
8210001,-3709072,34000.00000000
8215001,-3708903,33800.00000000
8220001,-3708732,34200.00000000
8225001,-3708562,34000.00000000
8230001,-3708392,34000.00000000
8235001,-3708223,33800.00000000
8240001,-3708053,34000.00000000
8245001,-3707884,33800.00000000
8250001,-3707715,33800.00000000
8255001,-3707545,34000.00000000
8260001,-3707375,34000.00000000
8265001,-3707205,34000.00000000
8270001,-3707035,34000.00000000
8275001,-3706865,34000.00000000
8280001,-3706696,33800.00000000
8285001,-3706527,33800.00000000
8290001,-3706357,34000.00000000
8295001,-3706188,33800.00000000
8300001,-3706018,34000.00000000
8305001,-3705848,34000.00000000
8310001,-3705678,34000.00000000
8315001,-3705508,34000.00000000
8320001,-3705338,34000.00000000
8325001,-3705169,33800.00000000
8330001,-3705000,33800.00000000
8335001,-3704831,33800.00000000
8340001,-3704661,34000.00000000
8345001,-3704491,34000.00000000
8350001,-3704321,34000.00000000
8355001,-3704151,34000.00000000
8360001,-3703981,34000.00000000
8365001,-3703811,34000.00000000
8370001,-3703642,33800.00000000
8375001,-3703473,33800.00000000
8380001,-3703303,34000.00000000
8385001,-3703134,33800.00000000
8390001,-3702964,34000.00000000
8395001,-3702794,34000.00000000
8400001,-3702624,34000.00000000
8405001,-3702454,34000.00000000
8410001,-3702285,33800.00000000
8415001,-3702115,34000.00000000
8420001,-3701946,33800.00000000
8425001,-3701776,34000.00000000
8430001,-3701606,34000.00000000
8435001,-3701436,34000.00000000
8440001,-3701266,34000.00000000
8445001,-3701096,34000.00000000
8450001,-3700927,33800.00000000
8455001,-3700758,33800.00000000
8460001,-3700588,34000.00000000
8465001,-3700419,33800.00000000
8470001,-3700249,34000.00000000
8475001,-3700079,34000.00000000
8480001,-3699909,34000.00000000
8485001,-3699739,34000.00000000
8490001,-3699570,33800.00000000
8495001,-3699400,34000.00000000
8500001,-3699231,33800.00000000
8505001,-3699062,33800.00000000
8510001,-3698892,34000.00000000
8515001,-3698722,34000.00000000
8520001,-3698552,34000.00000000
8525001,-3698382,34000.00000000
8530001,-3698212,34000.00000000
8535001,-3698043,33800.00000000
8540001,-3697873,34000.00000000
8545001,-3697704,33800.00000000
8550001,-3697535,33800.00000000
8555001,-3697365,34000.00000000
8560001,-3697195,34000.00000000
8565001,-3697025,34000.00000000
8570001,-3696855,34000.00000000
8575001,-3696685,34000.00000000
8580001,-3696516,33800.00000000
8585001,-3696346,34000.00000000
8590001,-3696177,33800.00000000
8595001,-3696007,34000.00000000
8600001,-3695838,33800.00000000
8605001,-3695667,34200.00000000
8610001,-3695497,34000.00000000
8615001,-3695328,33800.00000000
8620001,-3695158,34000.00000000
8625001,-3694989,33800.00000000
8630001,-3694820,33800.00000000
8635001,-3694650,34000.00000000
8640001,-3694480,34000.00000000
8645001,-3694310,34000.00000000
8650001,-3694140,34000.00000000
8655001,-3693970,34000.00000000
8660001,-3693801,33800.00000000
8665001,-3693631,34000.00000000
8670001,-3693462,33800.00000000
8675001,-3693293,33800.00000000
8680001,-3693123,34000.00000000
8685001,-3692953,34000.00000000
8690001,-3692783,34000.00000000
8695001,-3692613,34000.00000000
8700001,-3692444,33800.00000000
8705001,-3692274,34000.00000000
8710001,-3692105,33800.00000000
8715001,-3691936,33800.00000000
8720001,-3691766,34000.00000000
8725001,-3691596,34000.00000000
8730001,-3691426,34000.00000000
8735001,-3691256,34000.00000000
8740001,-3691086,34000.00000000
8745001,-3690917,33800.00000000
8750001,-3690747,34000.00000000
8755001,-3690578,33800.00000000
8760001,-3690409,33800.00000000
8765001,-3690239,34000.00000000
8770001,-3690069,34000.00000000
8775001,-3689899,34000.00000000
8780001,-3689729,34000.00000000
8785001,-3689560,33800.00000000
8790001,-3689390,34000.00000000
8795001,-3689221,33800.00000000
8800001,-3689052,33800.00000000
8805001,-3688882,34000.00000000
8810001,-3688713,33800.00000000
8815001,-3688543,34000.00000000
8820001,-3688373,34000.00000000
8825001,-3688203,34000.00000000
8830001,-3688033,34000.00000000
8835001,-3687864,33800.00000000
8840001,-3687695,33800.00000000
8845001,-3687526,33800.00000000
8850001,-3687356,34000.00000000
8855001,-3687186,34000.00000000
8860001,-3687016,34000.00000000
8865001,-3686846,34000.00000000
8870001,-3686676,34000.00000000
8875001,-3686507,33800.00000000
8880001,-3686338,33800.00000000
8885001,-3686169,33800.00000000
8890001,-3685999,34000.00000000
8895001,-3685830,33800.00000000
8900001,-3685660,34000.00000000
8905001,-3685490,34000.00000000
8910001,-3685320,34000.00000000
8915001,-3685150,34000.00000000
8920001,-3684981,33800.00000000
8925001,-3684812,33800.00000000
8930001,-3684643,33800.00000000
8935001,-3684473,34000.00000000
8940001,-3684303,34000.00000000
8945001,-3684133,34000.00000000
8950001,-3683963,34000.00000000
8955001,-3683794,33800.00000000
8960001,-3683624,34000.00000000
8965001,-3683455,33800.00000000
8970001,-3683286,33800.00000000
8975001,-3683117,33800.00000000
8980001,-3682947,34000.00000000
8985001,-3682777,34000.00000000
8990001,-3682607,34000.00000000
8995001,-3682438,33800.00000000
9000001,-3682268,34000.00000000
9005001,-3682099,33800.00000000
9010001,-3681930,33800.00000000
9015001,-3681761,33800.00000000
9020001,-3681591,34000.00000000
9025001,-3681422,33800.00000000
9030001,-3681251,34200.00000000
9035001,-3681082,33800.00000000
9040001,-3680912,34000.00000000
9045001,-3680743,33800.00000000
9050001,-3680574,33800.00000000
9055001,-3680405,33800.00000000
9060001,-3680235,34000.00000000
9065001,-3680066,33800.00000000
9070001,-3679896,34000.00000000
9075001,-3679726,34000.00000000
9080001,-3679556,34000.00000000
9085001,-3679387,33800.00000000
9090001,-3679218,33800.00000000
9095001,-3679049,33800.00000000
9100001,-3678880,33800.00000000
9105001,-3678710,34000.00000000
9110001,-3678540,34000.00000000
9115001,-3678370,34000.00000000
9120001,-3678201,33800.00000000
9125001,-3678031,34000.00000000
9130001,-3677862,33800.00000000
9135001,-3677693,33800.00000000
9140001,-3677524,33800.00000000
9145001,-3677354,34000.00000000
9150001,-3677185,33800.00000000
9155001,-3677015,34000.00000000
9160001,-3676845,34000.00000000
9165001,-3676675,34000.00000000
9170001,-3676506,33800.00000000
9175001,-3676337,33800.00000000
9180001,-3676168,33800.00000000
9185001,-3675999,33800.00000000
9190001,-3675829,34000.00000000
9195001,-3675659,34000.00000000
9200001,-3675490,33800.00000000
9205001,-3675320,34000.00000000
9210001,-3675150,34000.00000000
9215001,-3674981,33800.00000000
9220001,-3674812,33800.00000000
9225001,-3674643,33800.00000000
9230001,-3674474,33800.00000000
9235001,-3674304,34000.00000000
9240001,-3674134,34000.00000000
9245001,-3673964,34000.00000000
9250001,-3673795,33800.00000000
9255001,-3673625,34000.00000000
9260001,-3673456,33800.00000000
9265001,-3673287,33800.00000000
9270001,-3673118,33800.00000000
9275001,-3672949,33800.00000000
9280001,-3672779,34000.00000000
9285001,-3672609,34000.00000000
9290001,-3672439,34000.00000000
9295001,-3672270,33800.00000000
9300001,-3672100,34000.00000000
9305001,-3671931,33800.00000000
9310001,-3671762,33800.00000000
9315001,-3671593,33800.00000000
9320001,-3671423,34000.00000000
9325001,-3671254,33800.00000000
9330001,-3671084,34000.00000000
9335001,-3670914,34000.00000000
9340001,-3670745,33800.00000000
9345001,-3670576,33800.00000000
9350001,-3670407,33800.00000000
9355001,-3670238,33800.00000000
9360001,-3670068,34000.00000000
9365001,-3669898,34000.00000000
9370001,-3669728,34000.00000000
9375001,-3669559,33800.00000000
9380001,-3669389,34000.00000000
9385001,-3669220,33800.00000000
9390001,-3669051,33800.00000000
9395001,-3668882,33800.00000000
9400001,-3668712,34000.00000000
9405001,-3668543,33800.00000000
9410001,-3668373,34000.00000000
9415001,-3668203,34000.00000000
9420001,-3668034,33800.00000000
9425001,-3667864,34000.00000000
9430001,-3667695,33800.00000000
9435001,-3667526,33800.00000000
9440001,-3667357,33800.00000000
9445001,-3667187,34000.00000000
9450001,-3667018,33800.00000000
9455001,-3666848,34000.00000000
9460001,-3666678,34000.00000000
9465001,-3666509,33800.00000000
9470001,-3666340,33800.00000000
9475001,-3666171,33800.00000000
9480001,-3666002,33800.00000000
9485001,-3665832,34000.00000000
9490001,-3665663,33800.00000000
9495001,-3665493,34000.00000000
9500001,-3665323,34000.00000000
9505001,-3665154,33800.00000000
9510001,-3664984,34000.00000000
9515001,-3664815,33800.00000000
9520001,-3664646,33800.00000000
9525001,-3664477,33800.00000000
9530001,-3664308,33800.00000000
9535001,-3664138,34000.00000000
9540001,-3663968,34000.00000000
9545001,-3663799,33800.00000000
9550001,-3663629,34000.00000000
9555001,-3663460,33800.00000000
9560001,-3663291,33800.00000000
9565001,-3663122,33800.00000000
9570001,-3662953,33800.00000000
9575001,-3662783,34000.00000000
9580001,-3662614,33800.00000000
9585001,-3662444,34000.00000000
9590001,-3662274,34000.00000000
9595001,-3662105,33800.00000000
9600001,-3661936,33800.00000000
9605001,-3661767,33800.00000000
9610001,-3661598,33800.00000000
9615001,-3661429,33800.00000000
9620001,-3661259,34000.00000000
9625001,-3661090,33800.00000000
9630001,-3660920,34000.00000000
9635001,-3660751,33800.00000000
9640001,-3660582,33800.00000000
9645001,-3660413,33800.00000000
9650001,-3660244,33800.00000000
9655001,-3660075,33800.00000000
9660001,-3659905,34000.00000000
9665001,-3659735,34000.00000000
9670001,-3659566,33800.00000000
9675001,-3659396,34000.00000000
9680001,-3659227,33800.00000000
9685001,-3659058,33800.00000000
9690001,-3658889,33800.00000000
9695001,-3658720,33800.00000000
9700001,-3658551,33800.00000000
9705001,-3658381,34000.00000000
9710001,-3658212,33800.00000000
9715001,-3658042,34000.00000000
9720001,-3657873,33800.00000000
9725001,-3657704,33800.00000000
9730001,-3657535,33800.00000000
9735001,-3657366,33800.00000000
9740001,-3657197,33800.00000000
9745001,-3657027,34000.00000000
9750001,-3656858,33800.00000000
9755001,-3656688,34000.00000000
9760001,-3656519,33800.00000000
9765001,-3656349,34000.00000000
9770001,-3656180,33800.00000000
9775001,-3656012,33600.00000000
9780001,-3655843,33800.00000000
9785001,-3655674,33800.00000000
9790001,-3655504,34000.00000000
9795001,-3655334,34000.00000000
9800001,-3655164,34000.00000000
9805001,-3654995,33800.00000000
9810001,-3654826,33800.00000000
9815001,-3654657,33800.00000000
9820001,-3654488,33800.00000000
9825001,-3654319,33800.00000000
9830001,-3654150,33800.00000000
9835001,-3653980,34000.00000000
9840001,-3653811,33800.00000000
9845001,-3653641,34000.00000000
9850001,-3653472,33800.00000000
9855001,-3653303,33800.00000000
9860001,-3653134,33800.00000000
9865001,-3652965,33800.00000000
9870001,-3652796,33800.00000000
9875001,-3652626,34000.00000000
9880001,-3652457,33800.00000000
9885001,-3652287,34000.00000000
9890001,-3652118,33800.00000000
9895001,-3651949,33800.00000000
9900001,-3651780,33800.00000000
9905001,-3651611,33800.00000000
9910001,-3651442,33800.00000000
9915001,-3651273,33800.00000000
9920001,-3651103,34000.00000000
9925001,-3650933,34000.00000000
9930001,-3650764,33800.00000000
9935001,-3650595,33800.00000000
9940001,-3650426,33800.00000000
9945001,-3650257,33800.00000000
9950001,-3650088,33800.00000000
9955001,-3649919,33800.00000000
9960001,-3649749,34000.00000000
9965001,-3649579,34000.00000000
9970001,-3649410,33800.00000000
9975001,-3649241,33800.00000000
9980001,-3649072,33800.00000000
9985001,-3648903,33800.00000000
9990001,-3648734,33800.00000000
9995001,-3648565,33800.00000000
