0,-3539134,0.00000000
5001,-3539171,-7398.52001953
10001,-3539210,-7800.00000000
15001,-3539252,-8400.00000000
20001,-3539295,-8600.00000000
25001,-3539340,-9000.00000000
30001,-3539387,-9400.00000000
35001,-3539436,-9800.00000000
40001,-3539488,-10400.00000000
45001,-3539541,-10600.00000000
50001,-3539596,-11000.00000000
55001,-3539654,-11600.00000000
60001,-3539713,-11800.00000000
65001,-3539774,-12200.00000000
70001,-3539836,-12400.00000000
75001,-3539901,-13000.00000000
80001,-3539967,-13200.00000000
85001,-3540035,-13600.00000000
90001,-3540104,-13800.00000000
95001,-3540175,-14200.00000000
100001,-3540248,-14600.00000000
105001,-3540322,-14800.00000000
110001,-3540397,-15000.00000000
115001,-3540474,-15400.00000000
120001,-3540552,-15600.00000000
125001,-3540631,-15799.99902344
130001,-3540712,-16200.00000000
135001,-3540794,-16400.00000000
140001,-3540878,-16800.00000000
145001,-3540963,-17000.00000000
150001,-3541049,-17200.00000000
155001,-3541136,-17400.00000000
160001,-3541226,-18000.00000000
165001,-3541316,-18000.00000000
170001,-3541407,-18200.00000000
175001,-3541500,-18600.00000000
180001,-3541594,-18800.00000000
185001,-3541689,-19000.00000000
190001,-3541785,-19200.00000000
195001,-3541882,-19400.00000000
200001,-3541980,-19600.00000000
205001,-3542079,-19800.00000000
210001,-3542179,-20000.00000000
215001,-3542280,-20200.00000000
220001,-3542382,-20400.00000000
225001,-3542485,-20600.00000000
230001,-3542588,-20600.00000000
235001,-3542693,-21000.00000000
240001,-3542799,-21200.00000000
245001,-3542906,-21400.00000000
250001,-3543014,-21600.00000000
255001,-3543123,-21800.00000000
260001,-3543233,-22000.00000000
265001,-3543343,-22000.00000000
270001,-3543454,-22200.00000000
275001,-3543566,-22400.00000000
280001,-3543678,-22400.00000000
285001,-3543791,-22600.00000000
290001,-3543905,-22800.00000000
295001,-3544019,-22800.00000000
300001,-3544135,-23200.00000000
305001,-3544251,-23200.00000000
310001,-3544369,-23600.00000000
315001,-3544487,-23600.00000000
320001,-3544606,-23800.00000000
325001,-3544725,-23800.00000000
330001,-3544845,-24000.00000000
335001,-3544965,-24000.00000000
340001,-3545086,-24200.00000000
345001,-3545207,-24200.00000000
350001,-3545329,-24400.00000000
355001,-3545452,-24600.00000000
360001,-3545575,-24600.00000000
365001,-3545700,-25000.00000000
370001,-3545825,-25000.00000000
375001,-3545950,-25000.00000000
380001,-3546076,-25200.00000000
385001,-3546203,-25400.00000000
390001,-3546330,-25400.00000000
395001,-3546457,-25400.00000000
400001,-3546585,-25600.00000000
405001,-3546712,-25400.00000000
410001,-3546841,-25800.00000000
415001,-3546970,-25800.00000000
420001,-3547100,-26000.00000000
425001,-3547231,-26200.00000000
430001,-3547362,-26200.00000000
435001,-3547494,-26400.00000000
440001,-3547626,-26400.00000000
445001,-3547758,-26400.00000000
450001,-3547890,-26400.00000000
455001,-3548023,-26600.00000000
460001,-3548156,-26600.00000000
465001,-3548290,-26800.00000000
470001,-3548424,-26800.00000000
475001,-3548558,-26800.00000000
480001,-3548694,-27200.00000000
485001,-3548830,-27200.00000000
490001,-3548966,-27200.00000000
495001,-3549102,-27200.00000000
500001,-3549239,-27400.00000000
505001,-3549376,-27400.00000000
510001,-3549513,-27400.00000000
515001,-3549650,-27400.00000000
520001,-3549788,-27600.00000000
525001,-3549926,-27600.00000000
530001,-3550065,-27800.00000000
535001,-3550204,-27800.00000000
540001,-3550344,-28000.00000000
545001,-3550484,-28000.00000000
550001,-3550624,-28000.00000000
555001,-3550764,-28000.00000000
560001,-3550904,-28000.00000000
565001,-3551044,-28000.00000000
570001,-3551185,-28200.00000000
575001,-3551327,-28400.00000000
580001,-3551468,-28200.00000000
585001,-3551611,-28600.00000000
590001,-3551753,-28400.00000000
595001,-3551896,-28600.00000000
600001,-3552039,-28600.00000000
605001,-3552182,-28600.00000000
610001,-3552325,-28600.00000000
615001,-3552468,-28600.00000000
620001,-3552612,-28800.00000000
625001,-3552755,-28600.00000000
630001,-3552900,-29000.00000000
635001,-3553045,-29000.00000000
640001,-3553190,-29000.00000000
645001,-3553335,-29000.00000000
650001,-3553480,-29000.00000000
655001,-3553626,-29200.00000000
660001,-3553771,-29000.00000000
665001,-3553916,-29000.00000000
670001,-3554062,-29200.00000000
675001,-3554208,-29200.00000000
680001,-3554355,-29400.00000000
685001,-3554502,-29400.00000000
690001,-3554649,-29400.00000000
695001,-3554796,-29400.00000000
700001,-3554944,-29600.00000000
705001,-3555091,-29400.00000000
710001,-3555238,-29400.00000000
715001,-3555386,-29600.00000000
720001,-3555533,-29400.00000000
725001,-3555681,-29600.00000000
730001,-3555830,-29800.00000000
735001,-3555978,-29600.00000000
740001,-3556127,-29800.00000000
745001,-3556277,-30000.00000000
750001,-3556426,-29800.00000000
755001,-3556575,-29800.00000000
760001,-3556723,-29600.00000000
765001,-3556872,-29800.00000000
770001,-3557022,-30000.00000000
775001,-3557171,-29800.00000000
780001,-3557321,-30000.00000000
785001,-3557472,-30200.00000000
790001,-3557622,-30000.00000000
795001,-3557773,-30200.00000000
800001,-3557923,-30000.00000000
805001,-3558074,-30200.00000000
810001,-3558224,-30000.00000000
815001,-3558374,-30000.00000000
820001,-3558525,-30200.00000000
825001,-3558676,-30200.00000000
830001,-3558828,-30400.00000000
835001,-3558979,-30200.00000000
840001,-3559131,-30400.00000000
845001,-3559283,-30400.00000000
850001,-3559434,-30200.00000000
855001,-3559586,-30400.00000000
860001,-3559737,-30200.00000000
865001,-3559889,-30400.00000000
870001,-3560041,-30400.00000000
875001,-3560193,-30400.00000000
880001,-3560346,-30600.00000000
885001,-3560499,-30600.00000000
890001,-3560652,-30600.00000000
895001,-3560804,-30400.00000000
900001,-3560957,-30600.00000000
905001,-3561109,-30400.00000000
910001,-3561262,-30600.00000000
915001,-3561414,-30400.00000000
920001,-3561568,-30800.00000000
925001,-3561721,-30600.00000000
930001,-3561875,-30800.00000000
935001,-3562029,-30800.00000000
940001,-3562182,-30600.00000000
945001,-3562336,-30800.00000000
950001,-3562489,-30600.00000000
955001,-3562642,-30600.00000000
960001,-3562795,-30600.00000000
965001,-3562949,-30800.00000000
970001,-3563104,-31000.00000000
975001,-3563258,-30800.00000000
980001,-3563413,-31000.00000000
985001,-3563567,-30800.00000000
990001,-3563722,-31000.00000000
995001,-3563876,-30800.00000000
1000001,-3564029,-30600.00000000
1005001,-3564183,-30800.00000000
1010001,-3564338,-31000.00000000
1015001,-3564492,-30800.00000000
1020001,-3564647,-31000.00000000
1025001,-3564803,-31200.00000000
1030001,-3564958,-31000.00000000
1035001,-3565113,-31000.00000000
1040001,-3565267,-30800.00000000
1045001,-3565422,-31000.00000000
1050001,-3565577,-31000.00000000
1055001,-3565732,-31000.00000000
1060001,-3565887,-31000.00000000
1065001,-3566043,-31200.00000000
1070001,-3566199,-31200.00000000
1075001,-3566355,-31200.00000000
1080001,-3566510,-31000.00000000
1085001,-3566666,-31200.00000000
1090001,-3566821,-31000.00000000
1095001,-3566976,-31000.00000000
1100001,-3567131,-31000.00000000
1105001,-3567287,-31200.00000000
1110001,-3567443,-31200.00000000
1115001,-3567599,-31200.00000000
1120001,-3567755,-31200.00000000
1125001,-3567911,-31200.00000000
1130001,-3568066,-31000.00000000
1135001,-3568221,-31000.00000000
1140001,-3568376,-31000.00000000
1145001,-3568532,-31200.00000000
1150001,-3568687,-31000.00000000
1155001,-3568843,-31200.00000000
1160001,-3569000,-31399.99804687
1165001,-3569156,-31200.00000000
1170001,-3569313,-31399.99804687
1175001,-3569469,-31200.00000000
1180001,-3569624,-31000.00000000
1185001,-3569780,-31200.00000000
1190001,-3569936,-31200.00000000
1195001,-3570092,-31200.00000000
1200001,-3570249,-31399.99804687
1205001,-3570406,-31399.99804687
1210001,-3570563,-31399.99804687
1215001,-3570720,-31399.99804687
1220001,-3570877,-31399.99804687
1225001,-3571034,-31399.99804687
1230001,-3571190,-31200.00000000
1235001,-3571347,-31399.99804687
1240001,-3571503,-31200.00000000
1245001,-3571661,-31599.99804687
1250001,-3571818,-31399.99804687
1255001,-3571976,-31599.99804687
1260001,-3572134,-31599.99804687
1265001,-3572291,-31399.99804687
1270001,-3572448,-31399.99804687
1275001,-3572605,-31399.99804687
1280001,-3572762,-31399.99804687
1285001,-3572919,-31399.99804687
1290001,-3573076,-31399.99804687
1295001,-3573234,-31599.99804687
1300001,-3573391,-31399.99804687
1305001,-3573549,-31599.99804687
1310001,-3573707,-31599.99804687
1315001,-3573863,-31200.00000000
1320001,-3574020,-31399.99804687
1325001,-3574177,-31399.99804687
1330001,-3574334,-31399.99804687
1335001,-3574491,-31399.99804687
1340001,-3574648,-31399.99804687
1345001,-3574806,-31599.99804687
1350001,-3574963,-31399.99804687
1355001,-3575121,-31599.99804687
1360001,-3575278,-31399.99804687
1365001,-3575434,-31200.00000000
1370001,-3575591,-31399.99804687
1375001,-3575748,-31399.99804687
1380001,-3575905,-31399.99804687
1385001,-3576062,-31399.99804687
1390001,-3576220,-31599.99804687
1395001,-3576378,-31599.99804687
1400001,-3576535,-31399.99804687
1405001,-3576693,-31599.99804687
1410001,-3576850,-31399.99804687
1415001,-3577007,-31399.99804687
1420001,-3577164,-31399.99804687
1425001,-3577322,-31599.99804687
1430001,-3577480,-31599.99804687
1435001,-3577638,-31599.99804687
1440001,-3577796,-31599.99804687
1445001,-3577954,-31599.99804687
1450001,-3578112,-31599.99804687
1455001,-3578270,-31599.99804687
1460001,-3578427,-31399.99804687
1465001,-3578585,-31599.99804687
1470001,-3578743,-31599.99804687
1475001,-3578901,-31599.99804687
1480001,-3579059,-31599.99804687
1485001,-3579218,-31800.00195312
1490001,-3579376,-31599.99804687
1495001,-3579533,-31399.99804687
1500001,-3579691,-31599.99804687
1505001,-3579848,-31399.99804687
1510001,-3580005,-31399.99804687
1515001,-3580163,-31599.99804687
1520001,-3580321,-31599.99804687
1525001,-3580479,-31599.99804687
1530001,-3580638,-31800.00195312
1535001,-3580796,-31599.99804687
1540001,-3580954,-31599.99804687
1545001,-3581112,-31599.99804687
1550001,-3581270,-31599.99804687
1555001,-3581427,-31399.99804687
1560001,-3581585,-31599.99804687
1565001,-3581744,-31800.00195312
1570001,-3581902,-31599.99804687
1575001,-3582061,-31800.00195312
1580001,-3582220,-31800.00195312
1585001,-3582378,-31599.99804687
1590001,-3582536,-31599.99804687
1595001,-3582693,-31399.99804687
1600001,-3582851,-31599.99804687
1605001,-3583009,-31599.99804687
1610001,-3583167,-31599.99804687
1615001,-3583325,-31599.99804687
1620001,-3583484,-31800.00195312
1625001,-3583642,-31599.99804687
1630001,-3583800,-31599.99804687
1635001,-3583959,-31800.00195312
1640001,-3584116,-31399.99804687
1645001,-3584274,-31599.99804687
1650001,-3584432,-31599.99804687
1655001,-3584591,-31800.00195312
1660001,-3584750,-31800.00195312
1665001,-3584908,-31599.99804687
1670001,-3585067,-31800.00195312
1675001,-3585226,-31800.00195312
1680001,-3585384,-31599.99804687
1685001,-3585541,-31399.99804687
1690001,-3585699,-31599.99804687
1695001,-3585857,-31599.99804687
1700001,-3586015,-31599.99804687
1705001,-3586174,-31800.00195312
1710001,-3586332,-31599.99804687
1715001,-3586491,-31800.00195312
1720001,-3586650,-31800.00195312
1725001,-3586808,-31599.99804687
1730001,-3586966,-31599.99804687
1735001,-3587124,-31599.99804687
1740001,-3587282,-31599.99804687
1745001,-3587440,-31599.99804687
1750001,-3587599,-31800.00195312
1755001,-3587758,-31800.00195312
1760001,-3587917,-31800.00195312
1765001,-3588076,-31800.00195312
1770001,-3588234,-31599.99804687
1775001,-3588392,-31599.99804687
1780001,-3588550,-31599.99804687
1785001,-3588707,-31399.99804687
1790001,-3588866,-31800.00195312
1795001,-3589024,-31599.99804687
1800001,-3589183,-31800.00195312
1805001,-3589342,-31800.00195312
1810001,-3589501,-31800.00195312
1815001,-3589659,-31599.99804687
1820001,-3589817,-31599.99804687
1825001,-3589975,-31599.99804687
1830001,-3590134,-31800.00195312
1835001,-3590292,-31599.99804687
1840001,-3590451,-31800.00195312
1845001,-3590610,-31800.00195312
1850001,-3590769,-31800.00195312
1855001,-3590927,-31599.99804687
1860001,-3591086,-31800.00195312
1865001,-3591244,-31599.99804687
1870001,-3591401,-31399.99804687
1875001,-3591559,-31599.99804687
1880001,-3591718,-31800.00195312
1885001,-3591876,-31599.99804687
1890001,-3592035,-31800.00195312
1895001,-3592194,-31800.00195312
1900001,-3592353,-31800.00195312
1905001,-3592512,-31800.00195312
1910001,-3592670,-31599.99804687
1915001,-3592828,-31599.99804687
1920001,-3592986,-31599.99804687
1925001,-3593145,-31800.00195312
1930001,-3593303,-31599.99804687
1935001,-3593462,-31800.00195312
1940001,-3593621,-31800.00195312
1945001,-3593780,-31800.00195312
1950001,-3593938,-31599.99804687
1955001,-3594096,-31599.99804687
1960001,-3594254,-31599.99804687
1965001,-3594412,-31599.99804687
1970001,-3594571,-31800.00195312
1975001,-3594730,-31800.00195312
1980001,-3594889,-31800.00195312
1985001,-3595048,-31800.00195312
1990001,-3595207,-31800.00195312
1995001,-3595365,-31599.99804687
2000001,-3595524,-31800.00195312
2005001,-3595682,-31599.99804687
2010001,-3595840,-31599.99804687
2015001,-3595998,-31599.99804687
2020001,-3596157,-31800.00195312
2025001,-3596315,-31599.99804687
2030001,-3596474,-31800.00195312
2035001,-3596633,-31800.00195312
2040001,-3596792,-31800.00195312
2045001,-3596950,-31599.99804687
2050001,-3597108,-31599.99804687
2055001,-3597266,-31599.99804687
2060001,-3597425,-31800.00195312
2065001,-3597583,-31599.99804687
2070001,-3597743,-32000.00195312
2075001,-3597902,-31800.00195312
2080001,-3598061,-31800.00195312
2085001,-3598219,-31599.99804687
2090001,-3598377,-31599.99804687
2095001,-3598535,-31599.99804687
2100001,-3598693,-31599.99804687
2105001,-3598851,-31599.99804687
2110001,-3599010,-31800.00195312
2115001,-3599169,-31800.00195312
2120001,-3599328,-31800.00195312
2125001,-3599487,-31800.00195312
2130001,-3599645,-31599.99804687
2135001,-3599804,-31800.00195312
2140001,-3599962,-31599.99804687
2145001,-3600120,-31599.99804687
2150001,-3600278,-31599.99804687
2155001,-3600437,-31800.00195312
2160001,-3600596,-31800.00195312
2165001,-3600755,-31800.00195312
2170001,-3600914,-31800.00195312
2175001,-3601072,-31599.99804687
2180001,-3601230,-31599.99804687
2185001,-3601388,-31599.99804687
2190001,-3601546,-31599.99804687
2195001,-3601704,-31599.99804687
2200001,-3601863,-31800.00195312
2205001,-3602022,-31800.00195312
2210001,-3602181,-31800.00195312
2215001,-3602340,-31800.00195312
2220001,-3602499,-31800.00195312
2225001,-3602657,-31599.99804687
2230001,-3602815,-31599.99804687
2235001,-3602973,-31599.99804687
2240001,-3603132,-31800.00195312
2245001,-3603290,-31599.99804687
2250001,-3603449,-31800.00195312
2255001,-3603608,-31800.00195312
2260001,-3603767,-31800.00195312
2265001,-3603925,-31599.99804687
2270001,-3604083,-31599.99804687
2275001,-3604242,-31800.00195312
2280001,-3604400,-31599.99804687
2285001,-3604558,-31599.99804687
2290001,-3604716,-31599.99804687
2295001,-3604875,-31800.00195312
2300001,-3605034,-31800.00195312
2305001,-3605193,-31800.00195312
2310001,-3605352,-31800.00195312
2315001,-3605511,-31800.00195312
2320001,-3605669,-31599.99804687
2325001,-3605826,-31399.99804687
2330001,-3605984,-31599.99804687
2335001,-3606143,-31800.00195312
2340001,-3606302,-31800.00195312
2345001,-3606460,-31599.99804687
2350001,-3606619,-31800.00195312
2355001,-3606778,-31800.00195312
2360001,-3606936,-31599.99804687
2365001,-3607095,-31800.00195312
2370001,-3607253,-31599.99804687
2375001,-3607411,-31599.99804687
2380001,-3607569,-31599.99804687
2385001,-3607728,-31800.00195312
2390001,-3607887,-31800.00195312
2395001,-3608046,-31800.00195312
2400001,-3608205,-31800.00195312
2405001,-3608363,-31599.99804687
2410001,-3608521,-31599.99804687
2415001,-3608679,-31599.99804687
2420001,-3608837,-31599.99804687
2425001,-3608995,-31599.99804687
2430001,-3609154,-31800.00195312
2435001,-3609313,-31800.00195312
2440001,-3609472,-31800.00195312
2445001,-3609631,-31800.00195312
2450001,-3609789,-31599.99804687
2455001,-3609947,-31599.99804687
2460001,-3610106,-31800.00195312
2465001,-3610264,-31599.99804687
2470001,-3610422,-31599.99804687
2475001,-3610581,-31800.00195312
2480001,-3610740,-31800.00195312
2485001,-3610899,-31800.00195312
2490001,-3611058,-31800.00195312
2495001,-3611216,-31599.99804687
2500001,-3611374,-31599.99804687
2505001,-3611532,-31599.99804687
2510001,-3611690,-31599.99804687
2515001,-3611848,-31599.99804687
2520001,-3612007,-31800.00195312
2525001,-3612166,-31800.00195312
2530001,-3612325,-31800.00195312
2535001,-3612484,-31800.00195312
2540001,-3612642,-31599.99804687
2545001,-3612801,-31800.00195312
2550001,-3612959,-31599.99804687
2555001,-3613117,-31599.99804687
2560001,-3613275,-31599.99804687
2565001,-3613434,-31800.00195312
2570001,-3613592,-31599.99804687
2575001,-3613751,-31800.00195312
2580001,-3613910,-31800.00195312
2585001,-3614068,-31599.99804687
2590001,-3614227,-31800.00195312
2595001,-3614385,-31599.99804687
2600001,-3614543,-31599.99804687
2605001,-3614701,-31599.99804687
2610001,-3614859,-31599.99804687
2615001,-3615019,-32000.00195312
2620001,-3615178,-31800.00195312
2625001,-3615336,-31599.99804687
2630001,-3615495,-31800.00195312
2635001,-3615653,-31599.99804687
2640001,-3615811,-31599.99804687
2645001,-3615969,-31599.99804687
2650001,-3616127,-31599.99804687
2655001,-3616285,-31599.99804687
2660001,-3616444,-31800.00195312
2665001,-3616603,-31800.00195312
2670001,-3616762,-31800.00195312
2675001,-3616920,-31599.99804687
2680001,-3617078,-31599.99804687
2685001,-3617236,-31599.99804687
2690001,-3617394,-31599.99804687
2695001,-3617552,-31599.99804687
2700001,-3617711,-31800.00195312
2705001,-3617870,-31800.00195312
2710001,-3618028,-31599.99804687
2715001,-3618187,-31800.00195312
2720001,-3618346,-31800.00195312
2725001,-3618504,-31599.99804687
2730001,-3618662,-31599.99804687
2735001,-3618819,-31399.99804687
2740001,-3618977,-31599.99804687
2745001,-3619135,-31599.99804687
2750001,-3619294,-31800.00195312
2755001,-3619453,-31800.00195312
2760001,-3619611,-31599.99804687
2765001,-3619770,-31800.00195312
2770001,-3619928,-31599.99804687
2775001,-3620086,-31599.99804687
2780001,-3620244,-31599.99804687
2785001,-3620402,-31599.99804687
2790001,-3620560,-31599.99804687
2795001,-3620719,-31800.00195312
2800001,-3620878,-31800.00195312
2805001,-3621037,-31800.00195312
2810001,-3621195,-31599.99804687
2815001,-3621353,-31599.99804687
2820001,-3621511,-31599.99804687
2825001,-3621669,-31599.99804687
2830001,-3621826,-31399.99804687
2835001,-3621984,-31599.99804687
2840001,-3622143,-31800.00195312
2845001,-3622301,-31599.99804687
2850001,-3622460,-31800.00195312
2855001,-3622619,-31800.00195312
2860001,-3622777,-31599.99804687
2865001,-3622935,-31599.99804687
2870001,-3623092,-31399.99804687
2875001,-3623251,-31800.00195312
2880001,-3623409,-31599.99804687
2885001,-3623567,-31599.99804687
2890001,-3623726,-31800.00195312
2895001,-3623885,-31800.00195312
2900001,-3624044,-31800.00195312
2905001,-3624202,-31599.99804687
2910001,-3624359,-31399.99804687
2915001,-3624517,-31599.99804687
2920001,-3624675,-31599.99804687
2925001,-3624833,-31599.99804687
2930001,-3624991,-31599.99804687
2935001,-3625149,-31599.99804687
2940001,-3625308,-31800.00195312
2945001,-3625466,-31599.99804687
2950001,-3625624,-31599.99804687
2955001,-3625782,-31599.99804687
2960001,-3625940,-31599.99804687
2965001,-3626098,-31599.99804687
2970001,-3626256,-31599.99804687
2975001,-3626415,-31800.00195312
2980001,-3626574,-31800.00195312
2985001,-3626732,-31599.99804687
2990001,-3626891,-31800.00195312
2995001,-3627049,-31599.99804687
3000001,-3627207,-31599.99804687
3005001,-3627365,-31599.99804687
3010001,-3627522,-31399.99804687
3015001,-3627680,-31599.99804687
3020001,-3627838,-31599.99804687
3025001,-3627997,-31800.00195312
3030001,-3628155,-31599.99804687
3035001,-3628314,-31800.00195312
3040001,-3628472,-31599.99804687
3045001,-3628630,-31599.99804687
3050001,-3628787,-31399.99804687
3055001,-3628945,-31599.99804687
3060001,-3629103,-31599.99804687
3065001,-3629262,-31800.00195312
3070001,-3629420,-31599.99804687
3075001,-3629579,-31800.00195312
3080001,-3629738,-31800.00195312
3085001,-3629896,-31599.99804687
3090001,-3630054,-31599.99804687
3095001,-3630211,-31399.99804687
3100001,-3630369,-31599.99804687
3105001,-3630527,-31599.99804687
3110001,-3630685,-31599.99804687
3115001,-3630843,-31599.99804687
3120001,-3631002,-31800.00195312
3125001,-3631160,-31599.99804687
3130001,-3631318,-31599.99804687
3135001,-3631476,-31599.99804687
3140001,-3631634,-31599.99804687
3145001,-3631791,-31399.99804687
3150001,-3631949,-31599.99804687
3155001,-3632107,-31599.99804687
3160001,-3632266,-31800.00195312
3165001,-3632425,-31800.00195312
3170001,-3632583,-31599.99804687
3175001,-3632742,-31800.00195312
3180001,-3632900,-31599.99804687
3185001,-3633057,-31399.99804687
3190001,-3633215,-31599.99804687
3195001,-3633373,-31599.99804687
3200001,-3633531,-31599.99804687
3205001,-3633689,-31599.99804687
3210001,-3633847,-31599.99804687
3215001,-3634006,-31800.00195312
3220001,-3634164,-31599.99804687
3225001,-3634322,-31599.99804687
3230001,-3634479,-31399.99804687
3235001,-3634637,-31599.99804687
3240001,-3634794,-31399.99804687
3245001,-3634952,-31599.99804687
3250001,-3635111,-31800.00195312
3255001,-3635269,-31599.99804687
3260001,-3635428,-31800.00195312
3265001,-3635586,-31599.99804687
3270001,-3635744,-31599.99804687
3275001,-3635902,-31599.99804687
3280001,-3636060,-31599.99804687
3285001,-3636218,-31599.99804687
3290001,-3636376,-31599.99804687
3295001,-3636534,-31599.99804687
3300001,-3636693,-31800.00195312
3305001,-3636851,-31599.99804687
3310001,-3637009,-31599.99804687
3315001,-3637167,-31599.99804687
3320001,-3637325,-31599.99804687
3325001,-3637482,-31399.99804687
3330001,-3637639,-31399.99804687
3335001,-3637797,-31599.99804687
3340001,-3637955,-31599.99804687
3345001,-3638114,-31800.00195312
3350001,-3638272,-31599.99804687
3355001,-3638431,-31800.00195312
3360001,-3638589,-31599.99804687
3365001,-3638747,-31599.99804687
3370001,-3638904,-31399.99804687
3375001,-3639062,-31599.99804687
3380001,-3639220,-31599.99804687
3385001,-3639379,-31800.00195312
3390001,-3639537,-31599.99804687
3395001,-3639696,-31800.00195312
3400001,-3639854,-31599.99804687
3405001,-3640012,-31599.99804687
3410001,-3640170,-31599.99804687
3415001,-3640327,-31399.99804687
3420001,-3640484,-31399.99804687
3425001,-3640642,-31599.99804687
3430001,-3640800,-31599.99804687
3435001,-3640958,-31599.99804687
3440001,-3641116,-31599.99804687
3445001,-3641275,-31800.00195312
3450001,-3641433,-31599.99804687
3455001,-3641591,-31599.99804687
3460001,-3641748,-31399.99804687
3465001,-3641906,-31599.99804687
3470001,-3642064,-31599.99804687
3475001,-3642222,-31599.99804687
3480001,-3642381,-31800.00195312
3485001,-3642539,-31599.99804687
3490001,-3642698,-31800.00195312
3495001,-3642856,-31599.99804687
3500001,-3643014,-31599.99804687
3505001,-3643171,-31399.99804687
3510001,-3643329,-31599.99804687
3515001,-3643486,-31399.99804687
3520001,-3643644,-31599.99804687
3525001,-3643803,-31800.00195312
3530001,-3643961,-31599.99804687
3535001,-3644119,-31599.99804687
3540001,-3644277,-31599.99804687
3545001,-3644435,-31599.99804687
3550001,-3644592,-31399.99804687
3555001,-3644749,-31399.99804687
3560001,-3644907,-31599.99804687
3565001,-3645065,-31599.99804687
3570001,-3645224,-31800.00195312
3575001,-3645382,-31599.99804687
3580001,-3645541,-31800.00195312
3585001,-3645699,-31599.99804687
3590001,-3645857,-31599.99804687
3595001,-3646015,-31599.99804687
3600001,-3646172,-31399.99804687
3605001,-3646330,-31599.99804687
3610001,-3646488,-31599.99804687
3615001,-3646647,-31800.00195312
3620001,-3646805,-31599.99804687
3625001,-3646963,-31599.99804687
3630001,-3647121,-31599.99804687
3635001,-3647279,-31599.99804687
3640001,-3647436,-31399.99804687
3645001,-3647594,-31599.99804687
3650001,-3647751,-31399.99804687
3655001,-3647909,-31599.99804687
3660001,-3648067,-31599.99804687
3665001,-3648225,-31599.99804687
3670001,-3648384,-31800.00195312
3675001,-3648542,-31599.99804687
3680001,-3648700,-31599.99804687
3685001,-3648858,-31599.99804687
3690001,-3649015,-31399.99804687
3695001,-3649173,-31599.99804687
3700001,-3649331,-31599.99804687
3705001,-3649490,-31800.00195312
3710001,-3649648,-31599.99804687
3715001,-3649807,-31800.00195312
3720001,-3649965,-31599.99804687
3725001,-3650123,-31599.99804687
3730001,-3650280,-31399.99804687
3735001,-3650438,-31599.99804687
3740001,-3650595,-31399.99804687
3745001,-3650753,-31599.99804687
3750001,-3650911,-31599.99804687
3755001,-3651069,-31599.99804687
3760001,-3651227,-31599.99804687
3765001,-3651385,-31599.99804687
3770001,-3651543,-31599.99804687
3775001,-3651701,-31599.99804687
3780001,-3651858,-31399.99804687
3785001,-3652016,-31599.99804687
3790001,-3652174,-31599.99804687
3795001,-3652332,-31599.99804687
3800001,-3652491,-31800.00195312
3805001,-3652649,-31599.99804687
3810001,-3652808,-31800.00195312
3815001,-3652966,-31599.99804687
3820001,-3653123,-31399.99804687
3825001,-3653281,-31599.99804687
3830001,-3653438,-31399.99804687
3835001,-3653596,-31599.99804687
3840001,-3653754,-31599.99804687
3845001,-3653912,-31599.99804687
3850001,-3654070,-31599.99804687
3855001,-3654228,-31599.99804687
3860001,-3654386,-31599.99804687
3865001,-3654544,-31599.99804687
3870001,-3654701,-31399.99804687
3875001,-3654858,-31399.99804687
3880001,-3655016,-31599.99804687
3885001,-3655174,-31599.99804687
3890001,-3655332,-31599.99804687
3895001,-3655490,-31599.99804687
3900001,-3655649,-31800.00195312
3905001,-3655807,-31599.99804687
3910001,-3655965,-31599.99804687
3915001,-3656123,-31599.99804687
3920001,-3656280,-31399.99804687
3925001,-3656438,-31599.99804687
3930001,-3656596,-31599.99804687
3935001,-3656755,-31800.00195312
3940001,-3656913,-31599.99804687
3945001,-3657071,-31599.99804687
3950001,-3657229,-31599.99804687
3955001,-3657387,-31599.99804687
3960001,-3657544,-31399.99804687
3965001,-3657701,-31399.99804687
3970001,-3657859,-31599.99804687
3975001,-3658016,-31399.99804687
3980001,-3658174,-31599.99804687
3985001,-3658332,-31599.99804687
3990001,-3658491,-31800.00195312
3995001,-3658649,-31599.99804687
4000001,-3658806,-31399.99804687
4005001,-3658964,-31599.99804687
4010001,-3659121,-31399.99804687
4015001,-3659279,-31599.99804687
4020001,-3659437,-31599.99804687
4025001,-3659596,-31800.00195312
4030001,-3659754,-31599.99804687
4035001,-3659913,-31800.00195312
4040001,-3660071,-31599.99804687
4045001,-3660229,-31599.99804687
4050001,-3660386,-31399.99804687
4055001,-3660544,-31599.99804687
4060001,-3660701,-31399.99804687
4065001,-3660859,-31599.99804687
4070001,-3661017,-31599.99804687
4075001,-3661175,-31599.99804687
4080001,-3661333,-31599.99804687
4085001,-3661491,-31599.99804687
4090001,-3661649,-31599.99804687
4095001,-3661806,-31399.99804687
4100001,-3661963,-31399.99804687
4105001,-3662121,-31599.99804687
4110001,-3662278,-31399.99804687
4115001,-3662436,-31599.99804687
4120001,-3662595,-31800.00195312
4125001,-3662753,-31599.99804687
4130001,-3662911,-31599.99804687
4135001,-3663069,-31599.99804687
4140001,-3663227,-31599.99804687
4145001,-3663384,-31399.99804687
4150001,-3663542,-31599.99804687
4155001,-3663700,-31599.99804687
4160001,-3663858,-31599.99804687
4165001,-3664017,-31800.00195312
4170001,-3664175,-31599.99804687
4175001,-3664333,-31599.99804687
4180001,-3664491,-31599.99804687
4185001,-3664648,-31399.99804687
4190001,-3664806,-31599.99804687
4195001,-3664963,-31399.99804687
4200001,-3665120,-31399.99804687
4205001,-3665278,-31599.99804687
4210001,-3665436,-31599.99804687
4215001,-3665594,-31599.99804687
4220001,-3665752,-31599.99804687
4225001,-3665910,-31599.99804687
4230001,-3666068,-31599.99804687
4235001,-3666225,-31399.99804687
4240001,-3666382,-31399.99804687
4245001,-3666540,-31599.99804687
4250001,-3666698,-31599.99804687
4255001,-3666856,-31599.99804687
4260001,-3667015,-31800.00195312
4265001,-3667173,-31599.99804687
4270001,-3667331,-31599.99804687
4275001,-3667489,-31599.99804687
4280001,-3667646,-31399.99804687
4285001,-3667804,-31599.99804687
4290001,-3667962,-31599.99804687
4295001,-3668119,-31399.99804687
4300001,-3668278,-31800.00195312
4305001,-3668436,-31599.99804687
4310001,-3668594,-31599.99804687
4315001,-3668752,-31599.99804687
4320001,-3668909,-31399.99804687
4325001,-3669066,-31399.99804687
4330001,-3669223,-31399.99804687
4335001,-3669381,-31599.99804687
4340001,-3669538,-31399.99804687
4345001,-3669696,-31599.99804687
4350001,-3669855,-31800.00195312
4355001,-3670013,-31599.99804687
4360001,-3670171,-31599.99804687
4365001,-3670329,-31599.99804687
4370001,-3670486,-31399.99804687
4375001,-3670644,-31599.99804687
4380001,-3670801,-31399.99804687
4385001,-3670959,-31599.99804687
4390001,-3671118,-31800.00195312
4395001,-3671276,-31599.99804687
4400001,-3671434,-31599.99804687
4405001,-3671593,-31800.00195312
4410001,-3671750,-31399.99804687
4415001,-3671908,-31599.99804687
4420001,-3672065,-31399.99804687
4425001,-3672222,-31399.99804687
4430001,-3672380,-31599.99804687
4435001,-3672538,-31599.99804687
4440001,-3672696,-31599.99804687
4445001,-3672854,-31599.99804687
4450001,-3673012,-31599.99804687
4455001,-3673170,-31599.99804687
4460001,-3673327,-31399.99804687
4465001,-3673484,-31399.99804687
4470001,-3673641,-31399.99804687
4475001,-3673799,-31599.99804687
4480001,-3673957,-31599.99804687
4485001,-3674115,-31599.99804687
4490001,-3674274,-31800.00195312
4495001,-3674432,-31599.99804687
4500001,-3674590,-31599.99804687
4505001,-3674747,-31399.99804687
4510001,-3674905,-31599.99804687
4515001,-3675063,-31599.99804687
4520001,-3675220,-31399.99804687
4525001,-3675379,-31800.00195312
4530001,-3675537,-31599.99804687
4535001,-3675695,-31599.99804687
4540001,-3675853,-31599.99804687
4545001,-3676011,-31599.99804687
4550001,-3676168,-31399.99804687
4555001,-3676326,-31599.99804687
4560001,-3676483,-31399.99804687
4565001,-3676640,-31399.99804687
4570001,-3676798,-31599.99804687
4575001,-3676956,-31599.99804687
4580001,-3677114,-31599.99804687
4585001,-3677272,-31599.99804687
4590001,-3677430,-31599.99804687
4595001,-3677587,-31399.99804687
4600001,-3677745,-31599.99804687
4605001,-3677902,-31399.99804687
4610001,-3678060,-31599.99804687
4615001,-3678218,-31599.99804687
4620001,-3678376,-31599.99804687
4625001,-3678534,-31599.99804687
4630001,-3678693,-31800.00195312
4635001,-3678851,-31599.99804687
4640001,-3679009,-31599.99804687
4645001,-3679166,-31399.99804687
4650001,-3679324,-31599.99804687
4655001,-3679481,-31399.99804687
4660001,-3679639,-31599.99804687
4665001,-3679798,-31800.00195312
4670001,-3679955,-31399.99804687
4675001,-3680114,-31800.00195312
4680001,-3680271,-31399.99804687
4685001,-3680429,-31599.99804687
4690001,-3680586,-31399.99804687
4695001,-3680743,-31399.99804687
4700001,-3680900,-31399.99804687
4705001,-3681058,-31599.99804687
4710001,-3681216,-31599.99804687
4715001,-3681374,-31599.99804687
4720001,-3681532,-31599.99804687
4725001,-3681690,-31599.99804687
4730001,-3681848,-31599.99804687
4735001,-3682006,-31599.99804687
4740001,-3682163,-31399.99804687
4745001,-3682321,-31599.99804687
4750001,-3682479,-31599.99804687
4755001,-3682637,-31599.99804687
4760001,-3682795,-31599.99804687
4765001,-3682954,-31800.00195312
4770001,-3683112,-31599.99804687
4775001,-3683270,-31599.99804687
4780001,-3683427,-31399.99804687
4785001,-3683584,-31399.99804687
4790001,-3683742,-31599.99804687
4795001,-3683899,-31399.99804687
4800001,-3684057,-31599.99804687
4805001,-3684215,-31599.99804687
4810001,-3684374,-31800.00195312
4815001,-3684531,-31399.99804687
4820001,-3684689,-31599.99804687
4825001,-3684846,-31399.99804687
4830001,-3685003,-31399.99804687
4835001,-3685160,-31399.99804687
4840001,-3685318,-31599.99804687
4845001,-3685476,-31599.99804687
4850001,-3685634,-31599.99804687
4855001,-3685792,-31599.99804687
4860001,-3685951,-31800.00195312
4865001,-3686108,-31399.99804687
4870001,-3686266,-31599.99804687
4875001,-3686423,-31399.99804687
4880001,-3686581,-31599.99804687
4885001,-3686739,-31599.99804687
4890001,-3686897,-31599.99804687
4895001,-3687055,-31599.99804687
4900001,-3687214,-31800.00195312
4905001,-3687372,-31599.99804687
4910001,-3687530,-31599.99804687
4915001,-3687687,-31399.99804687
4920001,-3687844,-31399.99804687
4925001,-3688001,-31399.99804687
4930001,-3688159,-31599.99804687
4935001,-3688317,-31599.99804687
4940001,-3688475,-31599.99804687
4945001,-3688633,-31599.99804687
4950001,-3688791,-31599.99804687
4955001,-3688948,-31399.99804687
4960001,-3689106,-31599.99804687
4965001,-3689263,-31399.99804687
4970001,-3689420,-31399.99804687
4975001,-3689578,-31599.99804687
4980001,-3689736,-31599.99804687
4985001,-3689894,-31599.99804687
4990001,-3690052,-31599.99804687
4995001,-3690211,-31800.00195312
5000001,-3690369,-31599.99804687
5005001,-3690527,-31599.99804687
5010001,-3690684,-31399.99804687
5015001,-3690842,-31599.99804687
5020001,-3690999,-31399.99804687
5025001,-3691157,-31599.99804687
5030001,-3691315,-31599.99804687
5035001,-3691474,-31800.00195312
5040001,-3691632,-31599.99804687
5045001,-3691790,-31599.99804687
5050001,-3691947,-31399.99804687
5055001,-3692104,-31399.99804687
5060001,-3692261,-31399.99804687
5065001,-3692419,-31599.99804687
5070001,-3692576,-31399.99804687
5075001,-3692734,-31599.99804687
5080001,-3692892,-31599.99804687
5085001,-3693050,-31599.99804687
5090001,-3693208,-31599.99804687
5095001,-3693366,-31599.99804687
5100001,-3693523,-31399.99804687
5105001,-3693681,-31599.99804687
5110001,-3693838,-31399.99804687
5115001,-3693996,-31599.99804687
5120001,-3694155,-31800.00195312
5125001,-3694313,-31599.99804687
5130001,-3694471,-31599.99804687
5135001,-3694630,-31800.00195312
5140001,-3694787,-31399.99804687
5145001,-3694945,-31599.99804687
5150001,-3695102,-31399.99804687
5155001,-3695260,-31599.99804687
5160001,-3695418,-31599.99804687
5165001,-3695575,-31399.99804687
5170001,-3695734,-31800.00195312
5175001,-3695892,-31599.99804687
5180001,-3696050,-31599.99804687
5185001,-3696207,-31399.99804687
5190001,-3696364,-31399.99804687
5195001,-3696521,-31399.99804687
5200001,-3696678,-31399.99804687
5205001,-3696836,-31599.99804687
5210001,-3696994,-31599.99804687
5215001,-3697152,-31599.99804687
5220001,-3697310,-31599.99804687
5225001,-3697468,-31599.99804687
5230001,-3697626,-31599.99804687
5235001,-3697784,-31599.99804687
5240001,-3697941,-31399.99804687
5245001,-3698099,-31599.99804687
5250001,-3698256,-31399.99804687
5255001,-3698415,-31800.00195312
5260001,-3698573,-31599.99804687
5265001,-3698731,-31599.99804687
5270001,-3698890,-31800.00195312
5275001,-3699047,-31399.99804687
5280001,-3699205,-31599.99804687
5285001,-3699362,-31399.99804687
5290001,-3699519,-31399.99804687
5295001,-3699677,-31599.99804687
5300001,-3699835,-31599.99804687
5305001,-3699993,-31599.99804687
5310001,-3700151,-31599.99804687
5315001,-3700309,-31599.99804687
5320001,-3700466,-31399.99804687
5325001,-3700624,-31599.99804687
5330001,-3700781,-31399.99804687
5335001,-3700938,-31399.99804687
5340001,-3701095,-31399.99804687
5345001,-3701253,-31599.99804687
5350001,-3701411,-31599.99804687
5355001,-3701570,-31800.00195312
5360001,-3701728,-31599.99804687
5365001,-3701886,-31599.99804687
5370001,-3702044,-31599.99804687
5375001,-3702201,-31399.99804687
5380001,-3702359,-31599.99804687
5385001,-3702516,-31399.99804687
5390001,-3702674,-31599.99804687
5395001,-3702833,-31800.00195312
5400001,-3702991,-31599.99804687
5405001,-3703149,-31599.99804687
5410001,-3703307,-31599.99804687
5415001,-3703465,-31599.99804687
5420001,-3703622,-31399.99804687
5425001,-3703779,-31399.99804687
5430001,-3703936,-31399.99804687
5435001,-3704094,-31599.99804687
5440001,-3704251,-31399.99804687
5445001,-3704410,-31800.00195312
5450001,-3704567,-31399.99804687
5455001,-3704725,-31599.99804687
5460001,-3704883,-31599.99804687
5465001,-3705040,-31399.99804687
5470001,-3705197,-31399.99804687
5475001,-3705355,-31599.99804687
5480001,-3705512,-31399.99804687
5485001,-3705670,-31599.99804687
5490001,-3705829,-31800.00195312
5495001,-3705987,-31599.99804687
5500001,-3706145,-31599.99804687
5505001,-3706303,-31599.99804687
5510001,-3706461,-31599.99804687
5515001,-3706618,-31399.99804687
5520001,-3706776,-31599.99804687
5525001,-3706934,-31599.99804687
5530001,-3707092,-31599.99804687
5535001,-3707250,-31599.99804687
5540001,-3707408,-31599.99804687
5545001,-3707566,-31599.99804687
5550001,-3707724,-31599.99804687
5555001,-3707881,-31399.99804687
5560001,-3708038,-31399.99804687
5565001,-3708195,-31399.99804687
5570001,-3708352,-31399.99804687
5575001,-3708510,-31599.99804687
5580001,-3708668,-31599.99804687
5585001,-3708826,-31599.99804687
5590001,-3708984,-31599.99804687
5595001,-3709142,-31599.99804687
5600001,-3709299,-31399.99804687
5605001,-3709456,-31399.99804687
5610001,-3709614,-31599.99804687
5615001,-3709771,-31399.99804687
5620001,-3709929,-31599.99804687
5625001,-3710088,-31800.00195312
5630001,-3710246,-31599.99804687
5635001,-3710404,-31599.99804687
5640001,-3710562,-31599.99804687
5645001,-3710720,-31599.99804687
5650001,-3710877,-31399.99804687
5655001,-3711035,-31599.99804687
5660001,-3711192,-31399.99804687
5665001,-3711350,-31599.99804687
5670001,-3711508,-31599.99804687
5675001,-3711667,-31800.00195312
5680001,-3711825,-31599.99804687
5685001,-3711982,-31399.99804687
5690001,-3712139,-31399.99804687
5695001,-3712296,-31399.99804687
5700001,-3712454,-31599.99804687
5705001,-3712611,-31399.99804687
5710001,-3712768,-31399.99804687
5715001,-3712926,-31599.99804687
5720001,-3713084,-31599.99804687
5725001,-3713242,-31599.99804687
5730001,-3713400,-31599.99804687
5735001,-3713558,-31599.99804687
5740001,-3713715,-31399.99804687
5745001,-3713872,-31399.99804687
5750001,-3714030,-31599.99804687
5755001,-3714188,-31599.99804687
5760001,-3714346,-31599.99804687
5765001,-3714505,-31800.00195312
5770001,-3714663,-31599.99804687
5775001,-3714821,-31599.99804687
5780001,-3714979,-31599.99804687
5785001,-3715136,-31399.99804687
5790001,-3715294,-31599.99804687
5795001,-3715451,-31399.99804687
5800001,-3715609,-31599.99804687
5805001,-3715767,-31599.99804687
5810001,-3715925,-31599.99804687
5815001,-3716083,-31599.99804687
5820001,-3716241,-31599.99804687
5825001,-3716398,-31399.99804687
5830001,-3716555,-31399.99804687
5835001,-3716712,-31399.99804687
5840001,-3716869,-31399.99804687
5845001,-3717027,-31599.99804687
5850001,-3717184,-31399.99804687
5855001,-3717342,-31599.99804687
5860001,-3717500,-31599.99804687
5865001,-3717659,-31800.00195312
5870001,-3717816,-31399.99804687
5875001,-3717974,-31599.99804687
5880001,-3718131,-31399.99804687
5885001,-3718288,-31399.99804687
5890001,-3718446,-31599.99804687
5895001,-3718604,-31599.99804687
5900001,-3718763,-31800.00195312
5905001,-3718921,-31599.99804687
5910001,-3719079,-31599.99804687
5915001,-3719237,-31599.99804687
5920001,-3719395,-31599.99804687
5925001,-3719552,-31399.99804687
5930001,-3719709,-31399.99804687
5935001,-3719867,-31599.99804687
5940001,-3720024,-31399.99804687
5945001,-3720183,-31800.00195312
5950001,-3720340,-31399.99804687
5955001,-3720498,-31599.99804687
5960001,-3720656,-31599.99804687
5965001,-3720813,-31399.99804687
5970001,-3720970,-31399.99804687
5975001,-3721127,-31399.99804687
5980001,-3721284,-31399.99804687
5985001,-3721442,-31599.99804687
5990001,-3721600,-31599.99804687
5995001,-3721758,-31599.99804687
6000001,-3721916,-31599.99804687
6005001,-3722074,-31599.99804687
6010001,-3722231,-31399.99804687
6015001,-3722389,-31599.99804687
6020001,-3722546,-31399.99804687
6025001,-3722704,-31599.99804687
6030001,-3722862,-31599.99804687
6035001,-3723020,-31599.99804687
6040001,-3723178,-31599.99804687
6045001,-3723337,-31800.00195312
6050001,-3723495,-31599.99804687
6055001,-3723652,-31399.99804687
6060001,-3723809,-31399.99804687
6065001,-3723966,-31399.99804687
6070001,-3724124,-31599.99804687
6075001,-3724282,-31599.99804687
6080001,-3724439,-31399.99804687
6085001,-3724597,-31599.99804687
6090001,-3724755,-31599.99804687
6095001,-3724913,-31599.99804687
6100001,-3725070,-31399.99804687
6105001,-3725227,-31399.99804687
6110001,-3725384,-31399.99804687
6115001,-3725541,-31399.99804687
6120001,-3725698,-31399.99804687
6125001,-3725856,-31599.99804687
6130001,-3726014,-31599.99804687
6135001,-3726172,-31599.99804687
6140001,-3726330,-31599.99804687
6145001,-3726487,-31399.99804687
6150001,-3726645,-31599.99804687
6155001,-3726802,-31399.99804687
6160001,-3726959,-31399.99804687
6165001,-3727117,-31599.99804687
6170001,-3727275,-31599.99804687
6175001,-3727434,-31800.00195312
6180001,-3727592,-31599.99804687
6185001,-3727750,-31599.99804687
6190001,-3727908,-31599.99804687
6195001,-3728065,-31399.99804687
6200001,-3728222,-31399.99804687
6205001,-3728380,-31599.99804687
6210001,-3728537,-31399.99804687
6215001,-3728695,-31599.99804687
6220001,-3728853,-31599.99804687
6225001,-3729011,-31599.99804687
6230001,-3729169,-31599.99804687
6235001,-3729326,-31399.99804687
6240001,-3729483,-31399.99804687
6245001,-3729640,-31399.99804687
6250001,-3729797,-31399.99804687
6255001,-3729954,-31399.99804687
6260001,-3730112,-31599.99804687
6265001,-3730270,-31599.99804687
6270001,-3730428,-31599.99804687
6275001,-3730586,-31599.99804687
6280001,-3730743,-31399.99804687
6285001,-3730900,-31399.99804687
6290001,-3731058,-31599.99804687
6295001,-3731215,-31399.99804687
6300001,-3731372,-31399.99804687
6305001,-3731530,-31599.99804687
6310001,-3731689,-31800.00195312
6315001,-3731847,-31599.99804687
6320001,-3732005,-31599.99804687
6325001,-3732163,-31599.99804687
6330001,-3732321,-31599.99804687
6335001,-3732478,-31399.99804687
6340001,-3732635,-31399.99804687
6345001,-3732793,-31599.99804687
6350001,-3732951,-31599.99804687
6355001,-3733109,-31599.99804687
6360001,-3733267,-31599.99804687
6365001,-3733425,-31599.99804687
6370001,-3733582,-31399.99804687
6375001,-3733739,-31399.99804687
6380001,-3733896,-31399.99804687
6385001,-3734053,-31399.99804687
6390001,-3734210,-31399.99804687
6395001,-3734368,-31599.99804687
6400001,-3734526,-31599.99804687
6405001,-3734683,-31399.99804687
6410001,-3734842,-31800.00195312
6415001,-3734999,-31399.99804687
6420001,-3735156,-31399.99804687
6425001,-3735314,-31599.99804687
6430001,-3735471,-31399.99804687
6435001,-3735628,-31399.99804687
6440001,-3735786,-31599.99804687
6445001,-3735944,-31599.99804687
6450001,-3736103,-31800.00195312
6455001,-3736261,-31599.99804687
6460001,-3736419,-31599.99804687
6465001,-3736577,-31599.99804687
6470001,-3736734,-31399.99804687
6475001,-3736891,-31399.99804687
6480001,-3737049,-31599.99804687
6485001,-3737207,-31599.99804687
6490001,-3737365,-31599.99804687
6495001,-3737523,-31599.99804687
6500001,-3737681,-31599.99804687
6505001,-3737839,-31599.99804687
6510001,-3737996,-31399.99804687
6515001,-3738153,-31399.99804687
6520001,-3738310,-31399.99804687
6525001,-3738467,-31399.99804687
6530001,-3738624,-31399.99804687
6535001,-3738782,-31599.99804687
6540001,-3738940,-31599.99804687
6545001,-3739098,-31599.99804687
6550001,-3739256,-31599.99804687
6555001,-3739413,-31399.99804687
6560001,-3739570,-31399.99804687
6565001,-3739727,-31399.99804687
6570001,-3739885,-31599.99804687
6575001,-3740043,-31599.99804687
6580001,-3740200,-31399.99804687
6585001,-3740359,-31800.00195312
6590001,-3740517,-31599.99804687
6595001,-3740675,-31599.99804687
6600001,-3740833,-31599.99804687
6605001,-3740991,-31599.99804687
6610001,-3741148,-31399.99804687
6615001,-3741305,-31399.99804687
6620001,-3741463,-31599.99804687
6625001,-3741621,-31599.99804687
6630001,-3741779,-31599.99804687
6635001,-3741937,-31599.99804687
6640001,-3742095,-31599.99804687
6645001,-3742253,-31599.99804687
6650001,-3742410,-31399.99804687
6655001,-3742567,-31399.99804687
6660001,-3742724,-31399.99804687
6665001,-3742881,-31399.99804687
6670001,-3743039,-31599.99804687
6675001,-3743196,-31399.99804687
6680001,-3743354,-31599.99804687
6685001,-3743512,-31599.99804687
6690001,-3743670,-31599.99804687
6695001,-3743827,-31399.99804687
6700001,-3743984,-31399.99804687
6705001,-3744142,-31599.99804687
6710001,-3744299,-31399.99804687
6715001,-3744457,-31599.99804687
6720001,-3744615,-31599.99804687
6725001,-3744773,-31599.99804687
6730001,-3744932,-31800.00195312
6735001,-3745090,-31599.99804687
6740001,-3745247,-31399.99804687
6745001,-3745405,-31599.99804687
6750001,-3745562,-31399.99804687
6755001,-3745720,-31599.99804687
6760001,-3745878,-31599.99804687
6765001,-3746036,-31599.99804687
6770001,-3746194,-31599.99804687
6775001,-3746352,-31599.99804687
6780001,-3746510,-31599.99804687
6785001,-3746667,-31399.99804687
6790001,-3746824,-31399.99804687
6795001,-3746981,-31399.99804687
6800001,-3747138,-31399.99804687
6805001,-3747295,-31399.99804687
6810001,-3747453,-31599.99804687
6815001,-3747611,-31599.99804687
6820001,-3747769,-31599.99804687
6825001,-3747927,-31599.99804687
6830001,-3748084,-31399.99804687
6835001,-3748241,-31399.99804687
6840001,-3748398,-31399.99804687
6845001,-3748556,-31599.99804687
6850001,-3748713,-31399.99804687
6855001,-3748871,-31599.99804687
6860001,-3749030,-31800.00195312
6865001,-3749188,-31599.99804687
6870001,-3749346,-31599.99804687
6875001,-3749504,-31599.99804687
6880001,-3749661,-31399.99804687
6885001,-3749819,-31599.99804687
6890001,-3749976,-31399.99804687
6895001,-3750134,-31599.99804687
6900001,-3750292,-31599.99804687
6905001,-3750450,-31599.99804687
6910001,-3750608,-31599.99804687
6915001,-3750766,-31599.99804687
6920001,-3750923,-31399.99804687
6925001,-3751081,-31599.99804687
6930001,-3751238,-31399.99804687
6935001,-3751395,-31399.99804687
6940001,-3751552,-31399.99804687
6945001,-3751710,-31599.99804687
6950001,-3751867,-31399.99804687
6955001,-3752026,-31800.00195312
6960001,-3752183,-31399.99804687
6965001,-3752341,-31599.99804687
6970001,-3752498,-31399.99804687
6975001,-3752655,-31399.99804687
6980001,-3752812,-31399.99804687
6985001,-3752970,-31599.99804687
6990001,-3753128,-31599.99804687
6995001,-3753286,-31599.99804687
7000001,-3753444,-31599.99804687
7005001,-3753602,-31599.99804687
7010001,-3753760,-31599.99804687
7015001,-3753918,-31599.99804687
7020001,-3754075,-31399.99804687
7025001,-3754233,-31599.99804687
7030001,-3754390,-31399.99804687
7035001,-3754548,-31599.99804687
7040001,-3754706,-31599.99804687
7045001,-3754864,-31599.99804687
7050001,-3755023,-31800.00195312
7055001,-3755180,-31399.99804687
7060001,-3755338,-31599.99804687
7065001,-3755494,-31200.00000000
7070001,-3755651,-31399.99804687
7075001,-3755809,-31599.99804687
7080001,-3755966,-31399.99804687
7085001,-3756124,-31599.99804687
7090001,-3756282,-31599.99804687
7095001,-3756440,-31599.99804687
7100001,-3756597,-31399.99804687
7105001,-3756755,-31599.99804687
7110001,-3756912,-31399.99804687
7115001,-3757069,-31399.99804687
7120001,-3757226,-31399.99804687
7125001,-3757384,-31599.99804687
7130001,-3757542,-31599.99804687
7135001,-3757700,-31599.99804687
7140001,-3757859,-31800.00195312
7145001,-3758017,-31599.99804687
7150001,-3758174,-31399.99804687
7155001,-3758332,-31599.99804687
7160001,-3758489,-31399.99804687
7165001,-3758647,-31599.99804687
7170001,-3758805,-31599.99804687
7175001,-3758963,-31599.99804687
7180001,-3759121,-31599.99804687
7185001,-3759279,-31599.99804687
7190001,-3759437,-31599.99804687
7195001,-3759594,-31399.99804687
7200001,-3759751,-31399.99804687
7205001,-3759908,-31399.99804687
7210001,-3760065,-31399.99804687
7215001,-3760223,-31599.99804687
7220001,-3760380,-31399.99804687
7225001,-3760538,-31599.99804687
7230001,-3760696,-31599.99804687
7235001,-3760854,-31599.99804687
7240001,-3761011,-31399.99804687
7245001,-3761168,-31399.99804687
7250001,-3761325,-31399.99804687
7255001,-3761483,-31599.99804687
7260001,-3761640,-31399.99804687
7265001,-3761798,-31599.99804687
7270001,-3761956,-31599.99804687
7275001,-3762115,-31800.00195312
7280001,-3762273,-31599.99804687
7285001,-3762431,-31599.99804687
7290001,-3762588,-31399.99804687
7295001,-3762745,-31399.99804687
7300001,-3762903,-31599.99804687
7305001,-3763061,-31599.99804687
7310001,-3763219,-31599.99804687
7315001,-3763377,-31599.99804687
7320001,-3763535,-31599.99804687
7325001,-3763693,-31599.99804687
7330001,-3763851,-31599.99804687
7335001,-3764008,-31399.99804687
7340001,-3764165,-31399.99804687
7345001,-3764322,-31399.99804687
7350001,-3764479,-31399.99804687
7355001,-3764637,-31599.99804687
7360001,-3764795,-31599.99804687
7365001,-3764952,-31399.99804687
7370001,-3765110,-31599.99804687
7375001,-3765268,-31599.99804687
7380001,-3765425,-31399.99804687
7385001,-3765582,-31399.99804687
7390001,-3765739,-31399.99804687
7395001,-3765896,-31399.99804687
7400001,-3766054,-31599.99804687
7405001,-3766212,-31599.99804687
7410001,-3766370,-31599.99804687
7415001,-3766528,-31599.99804687
7420001,-3766686,-31599.99804687
7425001,-3766844,-31599.99804687
7430001,-3767001,-31399.99804687
7435001,-3767159,-31599.99804687
7440001,-3767316,-31399.99804687
7445001,-3767474,-31599.99804687
7450001,-3767633,-31800.00195312
7455001,-3767791,-31599.99804687
7460001,-3767949,-31599.99804687
7465001,-3768107,-31599.99804687
7470001,-3768264,-31399.99804687
7475001,-3768421,-31399.99804687
7480001,-3768578,-31399.99804687
7485001,-3768735,-31399.99804687
7490001,-3768893,-31599.99804687
7495001,-3769050,-31399.99804687
7500001,-3769208,-31599.99804687
7505001,-3769366,-31599.99804687
7510001,-3769523,-31399.99804687
7515001,-3769681,-31599.99804687
7520001,-3769838,-31399.99804687
7525001,-3769995,-31399.99804687
7530001,-3770152,-31399.99804687
7535001,-3770309,-31399.99804687
7540001,-3770467,-31599.99804687
7545001,-3770625,-31599.99804687
7550001,-3770783,-31599.99804687
7555001,-3770941,-31599.99804687
7560001,-3771099,-31599.99804687
7565001,-3771256,-31399.99804687
7570001,-3771413,-31399.99804687
7575001,-3771571,-31599.99804687
7580001,-3771728,-31399.99804687
7585001,-3771887,-31800.00195312
7590001,-3772045,-31599.99804687
7595001,-3772203,-31599.99804687
7600001,-3772361,-31599.99804687
7605001,-3772519,-31599.99804687
7610001,-3772676,-31399.99804687
7615001,-3772833,-31399.99804687
7620001,-3772990,-31399.99804687
7625001,-3773147,-31399.99804687
7630001,-3773305,-31599.99804687
7635001,-3773463,-31599.99804687
7640001,-3773621,-31599.99804687
7645001,-3773778,-31399.99804687
7650001,-3773935,-31399.99804687
7655001,-3774092,-31399.99804687
7660001,-3774249,-31399.99804687
7665001,-3774406,-31399.99804687
7670001,-3774563,-31399.99804687
7675001,-3774721,-31599.99804687
7680001,-3774878,-31399.99804687
7685001,-3775036,-31599.99804687
7690001,-3775194,-31599.99804687
7695001,-3775352,-31599.99804687
7700001,-3775509,-31399.99804687
7705001,-3775666,-31399.99804687
7710001,-3775823,-31399.99804687
7715001,-3775981,-31599.99804687
7720001,-3776139,-31599.99804687
7725001,-3776297,-31599.99804687
7730001,-3776455,-31599.99804687
7735001,-3776613,-31599.99804687
7740001,-3776771,-31599.99804687
7745001,-3776929,-31599.99804687
7750001,-3777086,-31399.99804687
7755001,-3777243,-31399.99804687
7760001,-3777401,-31599.99804687
7765001,-3777558,-31399.99804687
7770001,-3777716,-31599.99804687
7775001,-3777874,-31599.99804687
7780001,-3778032,-31599.99804687
7785001,-3778190,-31599.99804687
7790001,-3778347,-31399.99804687
7795001,-3778504,-31399.99804687
7800001,-3778660,-31200.00000000
7805001,-3778818,-31599.99804687
7810001,-3778975,-31399.99804687
7815001,-3779132,-31399.99804687
7820001,-3779290,-31599.99804687
7825001,-3779448,-31599.99804687
7830001,-3779606,-31599.99804687
7835001,-3779763,-31399.99804687
7840001,-3779920,-31399.99804687
7845001,-3780077,-31399.99804687
7850001,-3780234,-31399.99804687
7855001,-3780392,-31599.99804687
7860001,-3780550,-31599.99804687
7865001,-3780708,-31599.99804687
7870001,-3780866,-31599.99804687
7875001,-3781024,-31599.99804687
7880001,-3781182,-31599.99804687
7885001,-3781339,-31399.99804687
7890001,-3781496,-31399.99804687
7895001,-3781654,-31599.99804687
7900001,-3781812,-31599.99804687
7905001,-3781970,-31599.99804687
7910001,-3782128,-31599.99804687
7915001,-3782286,-31599.99804687
7920001,-3782444,-31599.99804687
7925001,-3782601,-31399.99804687
7930001,-3782758,-31399.99804687
7935001,-3782915,-31399.99804687
7940001,-3783072,-31399.99804687
7945001,-3783229,-31399.99804687
7950001,-3783387,-31599.99804687
7955001,-3783545,-31599.99804687
7960001,-3783703,-31599.99804687
7965001,-3783860,-31399.99804687
7970001,-3784017,-31399.99804687
7975001,-3784174,-31399.99804687
7980001,-3784331,-31399.99804687
7985001,-3784488,-31399.99804687
7990001,-3784645,-31399.99804687
7995001,-3784803,-31599.99804687
8000001,-3784961,-31599.99804687
8005001,-3785119,-31599.99804687
8010001,-3785277,-31599.99804687
8015001,-3785435,-31599.99804687
8020001,-3785592,-31399.99804687
8025001,-3785749,-31399.99804687
8030001,-3785907,-31599.99804687
8035001,-3786064,-31399.99804687
8040001,-3786222,-31599.99804687
8045001,-3786380,-31599.99804687
8050001,-3786539,-31800.00195312
8055001,-3786697,-31599.99804687
8060001,-3786855,-31599.99804687
8065001,-3787012,-31399.99804687
8070001,-3787169,-31399.99804687
8075001,-3787326,-31399.99804687
8080001,-3787484,-31599.99804687
8085001,-3787641,-31399.99804687
8090001,-3787799,-31599.99804687
8095001,-3787957,-31599.99804687
8100001,-3788115,-31599.99804687
8105001,-3788272,-31399.99804687
8110001,-3788430,-31599.99804687
8115001,-3788586,-31200.00000000
8120001,-3788743,-31399.99804687
8125001,-3788900,-31399.99804687
8130001,-3789058,-31599.99804687
8135001,-3789215,-31399.99804687
8140001,-3789373,-31599.99804687
8145001,-3789531,-31599.99804687
8150001,-3789689,-31599.99804687
8155001,-3789847,-31599.99804687
8160001,-3790004,-31399.99804687
8165001,-3790161,-31399.99804687
8170001,-3790318,-31399.99804687
8175001,-3790476,-31599.99804687
8180001,-3790634,-31599.99804687
8185001,-3790793,-31800.00195312
8190001,-3790951,-31599.99804687
8195001,-3791109,-31599.99804687
8200001,-3791267,-31599.99804687
8205001,-3791424,-31399.99804687
8210001,-3791581,-31399.99804687
8215001,-3791739,-31599.99804687
8220001,-3791896,-31399.99804687
8225001,-3792054,-31599.99804687
8230001,-3792212,-31599.99804687
8235001,-3792370,-31599.99804687
8240001,-3792528,-31599.99804687
8245001,-3792685,-31399.99804687
8250001,-3792842,-31399.99804687
8255001,-3792999,-31399.99804687
8260001,-3793156,-31399.99804687
8265001,-3793313,-31399.99804687
8270001,-3793471,-31599.99804687
8275001,-3793629,-31599.99804687
8280001,-3793787,-31599.99804687
8285001,-3793945,-31599.99804687
8290001,-3794102,-31399.99804687
8295001,-3794259,-31399.99804687
8300001,-3794416,-31399.99804687
8305001,-3794574,-31599.99804687
8310001,-3794731,-31399.99804687
8315001,-3794889,-31599.99804687
8320001,-3795047,-31599.99804687
8325001,-3795206,-31800.00195312
8330001,-3795364,-31599.99804687
8335001,-3795522,-31599.99804687
8340001,-3795679,-31399.99804687
8345001,-3795837,-31599.99804687
8350001,-3795994,-31399.99804687
8355001,-3796152,-31599.99804687
8360001,-3796310,-31599.99804687
8365001,-3796468,-31599.99804687
8370001,-3796626,-31599.99804687
8375001,-3796784,-31599.99804687
8380001,-3796941,-31399.99804687
8385001,-3797098,-31399.99804687
8390001,-3797255,-31399.99804687
8395001,-3797412,-31399.99804687
8400001,-3797569,-31399.99804687
8405001,-3797727,-31599.99804687
8410001,-3797884,-31399.99804687
8415001,-3798042,-31599.99804687
8420001,-3798200,-31599.99804687
8425001,-3798358,-31599.99804687
8430001,-3798515,-31399.99804687
8435001,-3798672,-31399.99804687
8440001,-3798829,-31399.99804687
8445001,-3798986,-31399.99804687
8450001,-3799144,-31599.99804687
8455001,-3799302,-31599.99804687
8460001,-3799460,-31599.99804687
8465001,-3799619,-31800.00195312
8470001,-3799777,-31599.99804687
8475001,-3799934,-31399.99804687
8480001,-3800092,-31599.99804687
8485001,-3800249,-31399.99804687
8490001,-3800407,-31599.99804687
8495001,-3800564,-31399.99804687
8500001,-3800723,-31800.00195312
8505001,-3800881,-31599.99804687
8510001,-3801039,-31599.99804687
8515001,-3801196,-31399.99804687
8520001,-3801354,-31599.99804687
8525001,-3801511,-31399.99804687
8530001,-3801668,-31399.99804687
8535001,-3801825,-31399.99804687
8540001,-3801982,-31399.99804687
8545001,-3802140,-31599.99804687
8550001,-3802297,-31399.99804687
8555001,-3802455,-31599.99804687
8560001,-3802613,-31599.99804687
8565001,-3802770,-31399.99804687
8570001,-3802927,-31399.99804687
8575001,-3803084,-31399.99804687
8580001,-3803241,-31399.99804687
8585001,-3803398,-31399.99804687
8590001,-3803556,-31599.99804687
8595001,-3803714,-31599.99804687
8600001,-3803872,-31599.99804687
8605001,-3804030,-31599.99804687
8610001,-3804188,-31599.99804687
8615001,-3804345,-31399.99804687
8620001,-3804502,-31399.99804687
8625001,-3804660,-31599.99804687
8630001,-3804817,-31399.99804687
8635001,-3804975,-31599.99804687
8640001,-3805134,-31800.00195312
8645001,-3805292,-31599.99804687
8650001,-3805450,-31599.99804687
8655001,-3805607,-31399.99804687
8660001,-3805765,-31599.99804687
8665001,-3805922,-31399.99804687
8670001,-3806079,-31399.99804687
8675001,-3806236,-31399.99804687
8680001,-3806394,-31599.99804687
8685001,-3806551,-31399.99804687
8690001,-3806709,-31599.99804687
8695001,-3806867,-31599.99804687
8700001,-3807024,-31399.99804687
8705001,-3807181,-31399.99804687
8710001,-3807338,-31399.99804687
8715001,-3807494,-31200.00000000
8720001,-3807651,-31399.99804687
8725001,-3807809,-31599.99804687
8730001,-3807966,-31399.99804687
8735001,-3808124,-31599.99804687
8740001,-3808282,-31599.99804687
8745001,-3808439,-31399.99804687
8750001,-3808597,-31599.99804687
8755001,-3808754,-31399.99804687
8760001,-3808911,-31399.99804687
8765001,-3809068,-31399.99804687
8770001,-3809226,-31599.99804687
8775001,-3809384,-31599.99804687
8780001,-3809542,-31599.99804687
8785001,-3809700,-31599.99804687
8790001,-3809858,-31599.99804687
8795001,-3810016,-31599.99804687
8800001,-3810173,-31399.99804687
8805001,-3810330,-31399.99804687
8810001,-3810488,-31599.99804687
8815001,-3810645,-31399.99804687
8820001,-3810803,-31599.99804687
8825001,-3810961,-31599.99804687
8830001,-3811119,-31599.99804687
8835001,-3811277,-31599.99804687
8840001,-3811434,-31399.99804687
8845001,-3811591,-31399.99804687
8850001,-3811748,-31399.99804687
8855001,-3811905,-31399.99804687
8860001,-3812062,-31399.99804687
8865001,-3812219,-31399.99804687
8870001,-3812377,-31599.99804687
8875001,-3812535,-31599.99804687
8880001,-3812692,-31399.99804687
8885001,-3812849,-31399.99804687
8890001,-3813006,-31399.99804687
8895001,-3813163,-31399.99804687
8900001,-3813319,-31200.00000000
8905001,-3813477,-31599.99804687
8910001,-3813634,-31399.99804687
8915001,-3813792,-31599.99804687
8920001,-3813950,-31599.99804687
8925001,-3814108,-31599.99804687
8930001,-3814265,-31399.99804687
8935001,-3814423,-31599.99804687
8940001,-3814580,-31399.99804687
8945001,-3814737,-31399.99804687
8950001,-3814895,-31599.99804687
8955001,-3815052,-31399.99804687
8960001,-3815211,-31800.00195312
8965001,-3815369,-31599.99804687
8970001,-3815527,-31599.99804687
8975001,-3815685,-31599.99804687
8980001,-3815842,-31399.99804687
8985001,-3815999,-31399.99804687
8990001,-3816156,-31399.99804687
8995001,-3816314,-31599.99804687
9000001,-3816471,-31399.99804687
9005001,-3816629,-31599.99804687
9010001,-3816787,-31599.99804687
9015001,-3816944,-31399.99804687
9020001,-3817102,-31599.99804687
9025001,-3817259,-31399.99804687
9030001,-3817415,-31200.00000000
9035001,-3817572,-31399.99804687
9040001,-3817729,-31399.99804687
9045001,-3817886,-31399.99804687
9050001,-3818043,-31399.99804687
9055001,-3818201,-31599.99804687
9060001,-3818359,-31599.99804687
9065001,-3818516,-31399.99804687
9070001,-3818673,-31399.99804687
9075001,-3818830,-31399.99804687
9080001,-3818986,-31200.00000000
9085001,-3819143,-31399.99804687
9090001,-3819300,-31399.99804687
9095001,-3819458,-31599.99804687
9100001,-3819616,-31599.99804687
9105001,-3819774,-31599.99804687
9110001,-3819932,-31599.99804687
9115001,-3820089,-31399.99804687
9120001,-3820246,-31399.99804687
9125001,-3820403,-31399.99804687
9130001,-3820561,-31599.99804687
9135001,-3820719,-31599.99804687
9140001,-3820877,-31599.99804687
9145001,-3821035,-31599.99804687
9150001,-3821193,-31599.99804687
9155001,-3821351,-31599.99804687
9160001,-3821508,-31399.99804687
9165001,-3821665,-31399.99804687
9170001,-3821822,-31399.99804687
9175001,-3821979,-31399.99804687
9180001,-3822137,-31599.99804687
9185001,-3822294,-31399.99804687
9190001,-3822452,-31599.99804687
9195001,-3822610,-31599.99804687
9200001,-3822767,-31399.99804687
9205001,-3822924,-31399.99804687
9210001,-3823081,-31399.99804687
9215001,-3823238,-31399.99804687
9220001,-3823395,-31399.99804687
9225001,-3823551,-31200.00000000
9230001,-3823709,-31599.99804687
9235001,-3823866,-31399.99804687
9240001,-3824024,-31599.99804687
9245001,-3824181,-31399.99804687
9250001,-3824338,-31399.99804687
9255001,-3824495,-31399.99804687
9260001,-3824652,-31399.99804687
9265001,-3824808,-31200.00000000
9270001,-3824965,-31399.99804687
9275001,-3825123,-31599.99804687
9280001,-3825280,-31399.99804687
9285001,-3825438,-31599.99804687
9290001,-3825596,-31599.99804687
9295001,-3825754,-31599.99804687
9300001,-3825911,-31399.99804687
9305001,-3826068,-31399.99804687
9310001,-3826225,-31399.99804687
9315001,-3826383,-31599.99804687
9320001,-3826540,-31399.99804687
9325001,-3826698,-31599.99804687
9330001,-3826856,-31599.99804687
9335001,-3827015,-31800.00195312
9340001,-3827172,-31399.99804687
9345001,-3827330,-31599.99804687
9350001,-3827487,-31399.99804687
9355001,-3827644,-31399.99804687
9360001,-3827801,-31399.99804687
9365001,-3827959,-31599.99804687
9370001,-3828116,-31399.99804687
9375001,-3828274,-31599.99804687
9380001,-3828432,-31599.99804687
9385001,-3828589,-31399.99804687
9390001,-3828746,-31399.99804687
9395001,-3828903,-31399.99804687
9400001,-3829059,-31200.00000000
9405001,-3829216,-31399.99804687
9410001,-3829373,-31399.99804687
9415001,-3829530,-31399.99804687
9420001,-3829688,-31599.99804687
9425001,-3829845,-31399.99804687
9430001,-3830003,-31599.99804687
9435001,-3830159,-31200.00000000
9440001,-3830316,-31399.99804687
9445001,-3830472,-31200.00000000
9450001,-3830629,-31399.99804687
9455001,-3830786,-31399.99804687
9460001,-3830943,-31399.99804687
9465001,-3831101,-31599.99804687
9470001,-3831259,-31599.99804687
9475001,-3831416,-31399.99804687
9480001,-3831573,-31399.99804687
9485001,-3831730,-31399.99804687
9490001,-3831887,-31399.99804687
9495001,-3832044,-31399.99804687
9500001,-3832201,-31399.99804687
9505001,-3832359,-31599.99804687
9510001,-3832517,-31599.99804687
9515001,-3832675,-31599.99804687
9520001,-3832833,-31599.99804687
9525001,-3832990,-31399.99804687
9530001,-3833148,-31599.99804687
9535001,-3833305,-31399.99804687
9540001,-3833462,-31399.99804687
9545001,-3833619,-31399.99804687
9550001,-3833777,-31599.99804687
9555001,-3833935,-31599.99804687
9560001,-3834093,-31599.99804687
9565001,-3834251,-31599.99804687
9570001,-3834408,-31399.99804687
9575001,-3834565,-31399.99804687
9580001,-3834722,-31399.99804687
9585001,-3834879,-31399.99804687
9590001,-3835036,-31399.99804687
9595001,-3835193,-31399.99804687
9600001,-3835351,-31599.99804687
9605001,-3835508,-31399.99804687
9610001,-3835666,-31599.99804687
9615001,-3835823,-31399.99804687
9620001,-3835979,-31200.00000000
9625001,-3836136,-31399.99804687
9630001,-3836292,-31200.00000000
9635001,-3836449,-31399.99804687
9640001,-3836606,-31399.99804687
9645001,-3836763,-31399.99804687
9650001,-3836920,-31399.99804687
9655001,-3837078,-31599.99804687
9660001,-3837235,-31399.99804687
9665001,-3837391,-31200.00000000
9670001,-3837548,-31399.99804687
9675001,-3837704,-31200.00000000
9680001,-3837861,-31399.99804687
9685001,-3838018,-31399.99804687
9690001,-3838175,-31399.99804687
9695001,-3838333,-31599.99804687
9700001,-3838491,-31599.99804687
9705001,-3838648,-31399.99804687
9710001,-3838805,-31399.99804687
9715001,-3838962,-31399.99804687
9720001,-3839119,-31399.99804687
9725001,-3839276,-31399.99804687
9730001,-3839433,-31399.99804687
9735001,-3839591,-31599.99804687
9740001,-3839749,-31599.99804687
9745001,-3839907,-31599.99804687
9750001,-3840064,-31399.99804687
9755001,-3840222,-31599.99804687
9760001,-3840379,-31399.99804687
9765001,-3840536,-31399.99804687
9770001,-3840694,-31599.99804687
9775001,-3840851,-31399.99804687
9780001,-3841009,-31599.99804687
9785001,-3841167,-31599.99804687
9790001,-3841325,-31599.99804687
9795001,-3841482,-31399.99804687
9800001,-3841640,-31599.99804687
9805001,-3841797,-31399.99804687
9810001,-3841953,-31200.00000000
9815001,-3842110,-31399.99804687
9820001,-3842267,-31399.99804687
9825001,-3842424,-31399.99804687
9830001,-3842582,-31599.99804687
9835001,-3842739,-31399.99804687
9840001,-3842897,-31599.99804687
9845001,-3843054,-31399.99804687
9850001,-3843210,-31200.00000000
9855001,-3843366,-31200.00000000
9860001,-3843523,-31399.99804687
9865001,-3843679,-31200.00000000
9870001,-3843836,-31399.99804687
9875001,-3843994,-31599.99804687
9880001,-3844151,-31399.99804687
9885001,-3844308,-31399.99804687
9890001,-3844465,-31399.99804687
9895001,-3844621,-31200.00000000
9900001,-3844778,-31399.99804687
9905001,-3844934,-31200.00000000
9910001,-3845091,-31399.99804687
9915001,-3845247,-31200.00000000
9920001,-3845405,-31599.99804687
9925001,-3845562,-31399.99804687
9930001,-3845719,-31399.99804687
9935001,-3845876,-31399.99804687
9940001,-3846033,-31399.99804687
9945001,-3846190,-31399.99804687
9950001,-3846346,-31200.00000000
9955001,-3846503,-31399.99804687
9960001,-3846660,-31399.99804687
9965001,-3846818,-31599.99804687
9970001,-3846975,-31399.99804687
9975001,-3847133,-31599.99804687
9980001,-3847291,-31599.99804687
9985001,-3847448,-31399.99804687
9990001,-3847605,-31399.99804687
9995001,-3847762,-31399.99804687
