6,2404794,0.00000000,80.00000000,-8.00000000,-343
10006,2404806,5.23333359,74.76666260,-7.47666645,-243
20009,2404841,15.25931072,64.74069214,-6.47406912,-145
30012,2404888,20.49107552,59.50892639,-5.95089293,-118
40014,2404942,23.54529190,56.45470810,-5.64547110,-103
50015,2405002,26.16405296,53.83594513,-5.38359451,-94
60020,2405066,27.89716339,52.10283661,-5.21028376,-89
70026,2405134,29.63777351,50.36222839,-5.03622293,-85
80026,2405205,30.96389008,49.03610992,-4.90361118,-81
90026,2405280,32.70833588,47.29166412,-4.72916651,-76
100026,2405357,33.58055496,46.41944504,-4.64194441,-74
110026,2405437,34.88889313,45.11110687,-4.51111078,-72
120026,2405519,35.76111221,44.23888779,-4.42388868,-71
130026,2405604,37.06944656,42.93055344,-4.29305553,-69
140026,2405690,37.50555801,42.49444199,-4.24944448,-68
150026,2405779,38.81388855,41.18611145,-4.11861134,-66
160026,2405870,39.68611145,40.31388855,-4.03138876,-65
170026,2405962,40.12222290,39.87777710,-3.98777771,-64
180026,2406057,41.43055725,38.56944275,-3.85694432,-62
190026,2406153,41.86666870,38.13333130,-3.81333327,-62
200027,2406251,42.73461914,37.26538086,-3.72653818,-61
210027,2406350,43.17499924,36.82500076,-3.68250012,-60
220027,2406450,43.61111069,36.38888931,-3.63888907,-59
230028,2406552,44.47888565,35.52111435,-3.55211139,-58
240028,2406655,44.91944504,35.08055496,-3.50805545,-57
250028,2406759,45.35555649,34.64444351,-3.46444440,-57
260028,2406863,45.35555649,34.64444351,-3.46444440,-57
270029,2406969,46.22315216,33.77684784,-3.37768483,-55
280029,2407075,46.22777939,33.77222061,-3.37722206,-55
290029,2407183,47.10000229,32.89999771,-3.28999972,-54
300029,2407291,47.10000229,32.89999771,-3.28999972,-54
310030,2407401,47.96742630,32.03257370,-3.20325732,-53
320033,2407511,47.95783615,32.04216385,-3.20421648,-53
330033,2407622,48.40833282,31.59166718,-3.15916681,-52
340033,2407734,48.84444427,31.15555573,-3.11555552,-52
350034,2407847,49.27563095,30.72436905,-3.07243705,-51
360034,2407960,49.28055573,30.71944427,-3.07194448,-51
370034,2408074,49.71666718,30.28333282,-3.02833343,-50
380035,2408189,50.14776230,29.85223770,-2.98522377,-50
390035,2408303,49.71666718,30.28333282,-3.02833343,-50
400035,2408418,50.15277863,29.84722137,-2.98472214,-50
410035,2408533,50.15277863,29.84722137,-2.98472214,-50
420035,2408649,50.58889008,29.41110992,-2.94111109,-49
430039,2408765,50.56866455,29.43133545,-2.94313359,-49
440042,2408882,51.00970078,28.99029922,-2.89902997,-49
450046,2409000,51.44053268,28.55946732,-2.85594678,-48
460049,2409118,51.44567871,28.55432129,-2.85543227,-48
470053,2409237,51.87647247,28.12352753,-2.81235290,-48
480056,2409356,51.88166046,28.11833954,-2.81183410,-48
490060,2409475,51.87647247,28.12352753,-2.81235290,-48
500062,2409595,52.32286453,27.67713547,-2.76771355,-48
510066,2409714,51.87647247,28.12352753,-2.81235290,-48
520069,2409834,52.31764221,27.68235779,-2.76823592,-48
530073,2409954,52.31241226,27.68758774,-2.76875877,-48
540076,2410075,52.75362015,27.24637985,-2.72463799,-47
550080,2410196,52.74834824,27.25165176,-2.72516513,-47
560082,2410317,52.75889206,27.24110794,-2.72411084,-47
570086,2410438,52.74834824,27.25165176,-2.72516513,-47
580089,2410560,53.18960190,26.81039810,-2.68103981,-47
590093,2410682,53.18428040,26.81571960,-2.68157196,-47
600096,2410805,53.62558365,26.37441635,-2.63744164,-46
610100,2410927,53.18428040,26.81571960,-2.68157196,-47
620102,2411050,53.63094330,26.36905670,-2.63690567,-46
630106,2411173,53.62022018,26.37977982,-2.63797808,-46
640109,2411295,53.18960190,26.81039810,-2.68103981,-47
650113,2411418,53.62022018,26.37977982,-2.63797808,-46
660116,2411541,53.62558365,26.37441635,-2.63744164,-46
670120,2411664,53.62022018,26.37977982,-2.63797808,-46
680123,2411788,54.06155777,25.93844223,-2.59384418,-46
690127,2411912,54.05615616,25.94384384,-2.59438443,-46
700129,2412036,54.06696701,25.93303299,-2.59330344,-46
710133,2412160,54.05615616,25.94384384,-2.59438443,-46
720136,2412285,54.49753952,25.50246048,-2.55024600,-46
730140,2412410,54.49209213,25.50790787,-2.55079079,-46
740143,2412535,54.49753952,25.50246048,-2.55024600,-46
750147,2412660,54.49209213,25.50790787,-2.55079079,-46
760149,2412785,54.50299072,25.49700928,-2.54970098,-46
770153,2412909,54.05615616,25.94384384,-2.59438443,-46
780156,2413034,54.49753952,25.50246048,-2.55024600,-46
790160,2413160,54.92802811,25.07197189,-2.50719714,-45
800163,2413285,54.49753952,25.50246048,-2.55024600,-46
810167,2413411,54.92802811,25.07197189,-2.50719714,-45
820170,2413538,55.36949921,24.63050079,-2.46305013,-45
830174,2413664,54.92802811,25.07197189,-2.50719714,-45
840176,2413790,54.93901443,25.06098557,-2.50609851,-45
850180,2413917,55.36396790,24.63603210,-2.46360326,-45
860183,2414043,54.93351746,25.06648254,-2.50664830,-45
870187,2414169,54.92802811,25.07197189,-2.50719714,-45
880190,2414295,54.93351746,25.06648254,-2.50664830,-45
890194,2414422,55.36396790,24.63603210,-2.46360326,-45
900196,2414548,54.93901443,25.06098557,-2.50609851,-45
910200,2414674,54.92802811,25.07197189,-2.50719714,-45
920203,2414801,55.36949921,24.63050079,-2.46305013,-45
930207,2414928,55.36396790,24.63603210,-2.46360326,-45
940210,2415056,55.80548096,24.19451904,-2.41945195,-44
950214,2415183,55.36396790,24.63603210,-2.46360326,-45
960216,2415310,55.37503433,24.62496567,-2.46249652,-45
970220,2415437,55.36396790,24.63603210,-2.46360326,-45
980223,2415564,55.36949921,24.63050079,-2.46305013,-45
990227,2415691,55.36396790,24.63603210,-2.46360326,-45
1000230,2415818,55.36949921,24.63050079,-2.46305013,-45
1010234,2415945,55.36396790,24.63603210,-2.46360326,-45
1020237,2416072,55.36949921,24.63050079,-2.46305013,-45
1030241,2416200,55.79990387,24.20009613,-2.42000961,-44
1040243,2416327,55.37503433,24.62496567,-2.46249652,-45
1050247,2416455,55.79990387,24.20009613,-2.42000961,-44
1060250,2416583,55.80548096,24.19451904,-2.41945195,-44
1070254,2416711,55.79990387,24.20009613,-2.42000961,-44
1080257,2416839,55.80548096,24.19451904,-2.41945195,-44
1090261,2416967,55.79990387,24.20009613,-2.42000961,-44
1100263,2417094,55.37503433,24.62496567,-2.46249652,-45
1110267,2417222,55.79990387,24.20009613,-2.42000961,-44
1120270,2417350,55.80548096,24.19451904,-2.41945195,-44
1130274,2417477,55.36396790,24.63603210,-2.46360326,-45
1140277,2417605,55.80548096,24.19451904,-2.41945195,-44
1150281,2417734,56.23583984,23.76416016,-2.37641597,-44
1160283,2417862,55.81106186,24.18893814,-2.41889381,-44
1170287,2417991,56.23583984,23.76416016,-2.37641597,-44
1180290,2418120,56.24145889,23.75854111,-2.37585425,-44
1190294,2418248,55.79990387,24.20009613,-2.42000961,-44
1200297,2418377,56.24145889,23.75854111,-2.37585425,-44
1210300,2418505,55.80548096,24.19451904,-2.41945195,-44
1220303,2418633,55.80548096,24.19451904,-2.41945195,-44
1230307,2418761,55.79990387,24.20009613,-2.42000961,-44
1240310,2418890,56.24145889,23.75854111,-2.37585425,-44
1250314,2419018,55.79990387,24.20009613,-2.42000961,-44
1260317,2419147,56.24145889,23.75854111,-2.37585425,-44
1270321,2419276,56.23583984,23.76416016,-2.37641597,-44
1280323,2419406,56.68311310,23.31688690,-2.33168864,-44
1290327,2419535,56.23583984,23.76416016,-2.37641597,-44
1300330,2419664,56.24145889,23.75854111,-2.37585425,-44
1310334,2419793,56.23583984,23.76416016,-2.37641597,-44
1320337,2419922,56.24145889,23.75854111,-2.37585425,-44
1330341,2420051,56.23583984,23.76416016,-2.37641597,-44
1340343,2420180,56.24708557,23.75291443,-2.37529159,-44
1350347,2420309,56.23583984,23.76416016,-2.37641597,-44
1360350,2420438,56.24145889,23.75854111,-2.37585425,-44
1370354,2420567,56.23583984,23.76416016,-2.37641597,-44
1380357,2420697,56.67744064,23.32255936,-2.33225608,-44
1390361,2420826,56.23583984,23.76416016,-2.37641597,-44
1400364,2420956,56.67744064,23.32255936,-2.33225608,-44
1410368,2421086,56.67177582,23.32822418,-2.33282256,-44
1420370,2421216,56.68311310,23.31688690,-2.33168864,-44
1430374,2421345,56.23583984,23.76416016,-2.37641597,-44
1440377,2421474,56.24145889,23.75854111,-2.37585425,-44
1450381,2421604,56.67177582,23.32822418,-2.33282256,-44
1460384,2421733,56.24145889,23.75854111,-2.37585425,-44
1470388,2421863,56.67177582,23.32822418,-2.33282256,-44
1480390,2421993,56.68311310,23.31688690,-2.33168864,-44
1490394,2422123,56.67177582,23.32822418,-2.33282256,-44
1500397,2422253,56.67744064,23.32255936,-2.33225608,-44
1510401,2422383,56.67177582,23.32822418,-2.33282256,-44
1520403,2422514,57.11912918,22.88087082,-2.28808713,-43
1530408,2422644,56.66611099,23.33388901,-2.33338904,-44
1540410,2422774,56.68311310,23.31688690,-2.33168864,-44
1550414,2422904,56.67177582,23.32822418,-2.33282256,-44
1560417,2423033,56.24145889,23.75854111,-2.37585425,-44
1570421,2423163,56.67177582,23.32822418,-2.33282256,-44
1580423,2423293,56.68311310,23.31688690,-2.33168864,-44
1590428,2423424,57.10200500,22.89799500,-2.28979945,-43
1600431,2423554,56.67744064,23.32255936,-2.33225608,-44
1610435,2423685,57.10771561,22.89228439,-2.28922844,-43
1620437,2423816,57.11912918,22.88087082,-2.28808713,-43
1630441,2423946,56.67177582,23.32822418,-2.33282256,-44
1640444,2424077,57.11342239,22.88657761,-2.28865790,-43
1650448,2424207,56.67177582,23.32822418,-2.33282256,-44
1660450,2424337,56.68311310,23.31688690,-2.33168864,-44
1670455,2424467,56.66611099,23.33388901,-2.33338904,-44
1680457,2424597,56.68311310,23.31688690,-2.33168864,-44
1690461,2424727,56.67177582,23.32822418,-2.33282256,-44
1700464,2424857,56.67744064,23.32255936,-2.33225608,-44
1710468,2424988,57.10771561,22.89228439,-2.28922844,-43
1720471,2425119,57.11342239,22.88657761,-2.28865790,-43
1730475,2425250,57.10771561,22.89228439,-2.28922844,-43
1740478,2425381,57.11342239,22.88657761,-2.28865790,-43
1750481,2425511,56.67744064,23.32255936,-2.33225608,-44
1760484,2425641,56.67744064,23.32255936,-2.33225608,-44
1770488,2425771,56.67177582,23.32822418,-2.33282256,-44
1780490,2425901,56.68311310,23.31688690,-2.33168864,-44
1790495,2426031,56.66611099,23.33388901,-2.33338904,-44
1800497,2426161,56.68311310,23.31688690,-2.33168864,-44
1810502,2426292,57.10200500,22.89799500,-2.28979945,-43
1820504,2426422,56.68311310,23.31688690,-2.33168864,-44
1830508,2426553,57.10771561,22.89228439,-2.28922844,-43
1840511,2426685,57.54940414,22.45059586,-2.24505973,-43
1850515,2426815,56.67177582,23.32822418,-2.33282256,-44
1860518,2426946,57.11342239,22.88657761,-2.28865790,-43
1870522,2427076,56.67177582,23.32822418,-2.33282256,-44
1880524,2427206,56.68311310,23.31688690,-2.33168864,-44
1890528,2427336,56.67177582,23.32822418,-2.33282256,-44
1900531,2427466,56.67744064,23.32255936,-2.33225608,-44
1910535,2427597,57.10771561,22.89228439,-2.28922844,-43
1920538,2427727,56.67744064,23.32255936,-2.33225608,-44
1930542,2427858,57.10771561,22.89228439,-2.28922844,-43
1940545,2427989,57.11342239,22.88657761,-2.28865790,-43
1950548,2428120,57.11342239,22.88657761,-2.28865790,-43
1960551,2428250,56.67744064,23.32255936,-2.33225608,-44
1970555,2428381,57.10771561,22.89228439,-2.28922844,-43
1980558,2428511,56.67744064,23.32255936,-2.33225608,-44
1990562,2428641,56.67177582,23.32822418,-2.33282256,-44
2000565,2428771,56.67744064,23.32255936,-2.33225608,-44
2010569,2428901,56.67177582,23.32822418,-2.33282256,-44
2020571,2429031,56.68311310,23.31688690,-2.33168864,-44
2030575,2429161,56.67177582,23.32822418,-2.33282256,-44
2040578,2429292,57.11342239,22.88657761,-2.28865790,-43
2050582,2429423,57.10771561,22.89228439,-2.28922844,-43
2060585,2429554,57.11342239,22.88657761,-2.28865790,-43
2070589,2429684,56.67177582,23.32822418,-2.33282256,-44
2080591,2429815,57.11912918,22.88087082,-2.28808713,-43
2090595,2429945,56.67177582,23.32822418,-2.33282256,-44
2100598,2430075,56.67744064,23.32255936,-2.33225608,-44
2110602,2430205,56.67177582,23.32822418,-2.33282256,-44
2120604,2430335,56.68311310,23.31688690,-2.33168864,-44
2130609,2430465,56.66611099,23.33388901,-2.33338904,-44
2140611,2430596,57.11912918,22.88087082,-2.28808713,-43
2150615,2430726,56.67177582,23.32822418,-2.33282256,-44
2160618,2430857,57.11342239,22.88657761,-2.28865790,-43
2170622,2430988,57.10771561,22.89228439,-2.28922844,-43
2180625,2431118,56.67744064,23.32255936,-2.33225608,-44
2190629,2431249,57.10771561,22.89228439,-2.28922844,-43
2200632,2431379,56.67744064,23.32255936,-2.33225608,-44
2210636,2431509,56.67177582,23.32822418,-2.33282256,-44
2220638,2431639,56.68311310,23.31688690,-2.33168864,-44
2230642,2431769,56.67177582,23.32822418,-2.33282256,-44
2240645,2431899,56.67744064,23.32255936,-2.33225608,-44
2250649,2432030,57.10771561,22.89228439,-2.28922844,-43
2260652,2432160,56.67744064,23.32255936,-2.33225608,-44
2270656,2432291,57.10771561,22.89228439,-2.28922844,-43
2280658,2432422,57.11912918,22.88087082,-2.28808713,-43
2290662,2432552,56.67177582,23.32822418,-2.33282256,-44
2300665,2432683,57.11342239,22.88657761,-2.28865790,-43
2310669,2432813,56.67177582,23.32822418,-2.33282256,-44
2320671,2432943,56.68311310,23.31688690,-2.33168864,-44
2330676,2433073,56.66611099,23.33388901,-2.33338904,-44
2340678,2433203,56.68311310,23.31688690,-2.33168864,-44
2350682,2433333,56.67177582,23.32822418,-2.33282256,-44
2360685,2433463,56.67744064,23.32255936,-2.33225608,-44
2370689,2433594,57.10771561,22.89228439,-2.28922844,-43
2380692,2433725,57.11342239,22.88657761,-2.28865790,-43
2390696,2433856,57.10771561,22.89228439,-2.28922844,-43
2400699,2433986,56.67744064,23.32255936,-2.33225608,-44
2410703,2434117,57.10771561,22.89228439,-2.28922844,-43
2420705,2434247,56.68311310,23.31688690,-2.33168864,-44
2430709,2434377,56.67177582,23.32822418,-2.33282256,-44
2440712,2434507,56.67744064,23.32255936,-2.33225608,-44
2450716,2434637,56.67177582,23.32822418,-2.33282256,-44
2460718,2434767,56.68311310,23.31688690,-2.33168864,-44
2470723,2434897,56.66611099,23.33388901,-2.33338904,-44
2480725,2435028,57.11912918,22.88087082,-2.28808713,-43
2490729,2435159,57.10771561,22.89228439,-2.28922844,-43
2500732,2435290,57.11342239,22.88657761,-2.28865790,-43
2510737,2435420,56.66611099,23.33388901,-2.33338904,-44
2520739,2435551,57.11912918,22.88087082,-2.28808713,-43
2530743,2435681,56.67177582,23.32822418,-2.33282256,-44
2540745,2435811,56.68311310,23.31688690,-2.33168864,-44
2550750,2435941,56.66611099,23.33388901,-2.33338904,-44
2560752,2436071,56.68311310,23.31688690,-2.33168864,-44
2570756,2436201,56.67177582,23.32822418,-2.33282256,-44
2580759,2436331,56.67744064,23.32255936,-2.33225608,-44
2590763,2436461,56.67177582,23.32822418,-2.33282256,-44
2600765,2436592,57.11912918,22.88087082,-2.28808713,-43
2610770,2436723,57.10200500,22.89799500,-2.28979945,-43
2620772,2436853,56.68311310,23.31688690,-2.33168864,-44
2630776,2436984,57.10771561,22.89228439,-2.28922844,-43
2640779,2437114,56.67744064,23.32255936,-2.33225608,-44
2650783,2437245,57.10771561,22.89228439,-2.28922844,-43
2660786,2437374,56.24145889,23.75854111,-2.37585425,-44
2670790,2437505,57.10771561,22.89228439,-2.28922844,-43
2680792,2437634,56.24708557,23.75291443,-2.37529159,-44
2690796,2437765,57.10771561,22.89228439,-2.28922844,-43
2700799,2437895,56.67744064,23.32255936,-2.33225608,-44
2710804,2438026,57.10200500,22.89799500,-2.28979945,-43
2720806,2438157,57.11912918,22.88087082,-2.28808713,-43
2730810,2438287,56.67177582,23.32822418,-2.33282256,-44
2740813,2438418,57.11342239,22.88657761,-2.28865790,-43
2750817,2438548,56.67177582,23.32822418,-2.33282256,-44
2760819,2438678,56.68311310,23.31688690,-2.33168864,-44
2770823,2438808,56.67177582,23.32822418,-2.33282256,-44
2780826,2438937,56.24145889,23.75854111,-2.37585425,-44
2790830,2439067,56.67177582,23.32822418,-2.33282256,-44
2800832,2439197,56.68311310,23.31688690,-2.33168864,-44
2810837,2439328,57.10200500,22.89799500,-2.28979945,-43
2820839,2439458,56.68311310,23.31688690,-2.33168864,-44
2830843,2439589,57.10771561,22.89228439,-2.28922844,-43
2840846,2439720,57.11342239,22.88657761,-2.28865790,-43
2850850,2439850,56.67177582,23.32822418,-2.33282256,-44
2860853,2439980,56.67744064,23.32255936,-2.33225608,-44
2870857,2440110,56.67177582,23.32822418,-2.33282256,-44
2880860,2440240,56.67744064,23.32255936,-2.33225608,-44
2890864,2440370,56.67177582,23.32822418,-2.33282256,-44
2900866,2440500,56.68311310,23.31688690,-2.33168864,-44
2910870,2440630,56.67177582,23.32822418,-2.33282256,-44
2920872,2440761,57.11912918,22.88087082,-2.28808713,-43
2930877,2440892,57.10200500,22.89799500,-2.28979945,-43
2940880,2441022,56.67744064,23.32255936,-2.33225608,-44
2950884,2441153,57.10771561,22.89228439,-2.28922844,-43
2960886,2441283,56.68311310,23.31688690,-2.33168864,-44
2970890,2441414,57.10771561,22.89228439,-2.28922844,-43
2980893,2441544,56.67744064,23.32255936,-2.33225608,-44
2990897,2441673,56.23583984,23.76416016,-2.37641597,-44
3000900,2441803,56.67744064,23.32255936,-2.33225608,-44
3010904,2441933,56.67177582,23.32822418,-2.33282256,-44
3020906,2442063,56.68311310,23.31688690,-2.33168864,-44
3030910,2442194,57.10771561,22.89228439,-2.28922844,-43
3040913,2442324,56.67744064,23.32255936,-2.33225608,-44
3050917,2442455,57.10771561,22.89228439,-2.28922844,-43
3060920,2442586,57.11342239,22.88657761,-2.28865790,-43
3070924,2442716,56.67177582,23.32822418,-2.33282256,-44
3080927,2442846,56.67744064,23.32255936,-2.33225608,-44
3090931,2442976,56.67177582,23.32822418,-2.33282256,-44
3100933,2443106,56.68311310,23.31688690,-2.33168864,-44
3110937,2443236,56.67177582,23.32822418,-2.33282256,-44
3120940,2443366,56.67744064,23.32255936,-2.33225608,-44
3130944,2443496,56.67177582,23.32822418,-2.33282256,-44
3140946,2443626,56.68311310,23.31688690,-2.33168864,-44
3150951,2443757,57.10200500,22.89799500,-2.28979945,-43
3160953,2443887,56.68311310,23.31688690,-2.33168864,-44
3170957,2444018,57.10771561,22.89228439,-2.28922844,-43
3180960,2444148,56.67744064,23.32255936,-2.33225608,-44
3190964,2444279,57.10771561,22.89228439,-2.28922844,-43
3200967,2444409,56.67744064,23.32255936,-2.33225608,-44
3210971,2444538,56.23583984,23.76416016,-2.37641597,-44
3220973,2444668,56.68311310,23.31688690,-2.33168864,-44
3230977,2444798,56.67177582,23.32822418,-2.33282256,-44
3240980,2444928,56.67744064,23.32255936,-2.33225608,-44
3250984,2445058,56.67177582,23.32822418,-2.33282256,-44
3260986,2445189,57.11912918,22.88087082,-2.28808713,-43
3270991,2445320,57.10200500,22.89799500,-2.28979945,-43
3280993,2445450,56.68311310,23.31688690,-2.33168864,-44
3290999,2445581,57.09629822,22.90370178,-2.29037023,-43
3301002,2445711,56.67744064,23.32255936,-2.33225608,-44
3311006,2445841,56.67177582,23.32822418,-2.33282256,-44
3321008,2445971,56.68311310,23.31688690,-2.33168864,-44
3331012,2446101,56.67177582,23.32822418,-2.33282256,-44
3341015,2446230,56.24145889,23.75854111,-2.37585425,-44
3351019,2446361,57.10771561,22.89228439,-2.28922844,-43
3361022,2446491,56.67744064,23.32255936,-2.33225608,-44
3371026,2446621,56.67177582,23.32822418,-2.33282256,-44
3381028,2446752,57.11912918,22.88087082,-2.28808713,-43
3391032,2446882,56.67177582,23.32822418,-2.33282256,-44
3401035,2447013,57.11342239,22.88657761,-2.28865790,-43
3411039,2447143,56.67177582,23.32822418,-2.33282256,-44
3421041,2447273,56.68311310,23.31688690,-2.33168864,-44
3431046,2447403,56.66611099,23.33388901,-2.33338904,-44
3441048,2447533,56.68311310,23.31688690,-2.33168864,-44
3451052,2447663,56.67177582,23.32822418,-2.33282256,-44
3461055,2447793,56.67744064,23.32255936,-2.33225608,-44
3471059,2447923,56.67177582,23.32822418,-2.33282256,-44
3481061,2448054,57.11912918,22.88087082,-2.28808713,-43
3491066,2448185,57.10200500,22.89799500,-2.28979945,-43
3501069,2448315,56.67744064,23.32255936,-2.33225608,-44
3511073,2448446,57.10771561,22.89228439,-2.28922844,-43
3521075,2448576,56.68311310,23.31688690,-2.33168864,-44
3531079,2448706,56.67177582,23.32822418,-2.33282256,-44
3541082,2448836,56.67744064,23.32255936,-2.33225608,-44
3551086,2448966,56.67177582,23.32822418,-2.33282256,-44
3561088,2449096,56.68311310,23.31688690,-2.33168864,-44
3571093,2449226,56.66611099,23.33388901,-2.33338904,-44
3581095,2449357,57.11912918,22.88087082,-2.28808713,-43
3591099,2449488,57.10771561,22.89228439,-2.28922844,-43
3601102,2449619,57.11342239,22.88657761,-2.28865790,-43
3611106,2449750,57.10771561,22.89228439,-2.28922844,-43
3621109,2449880,56.67744064,23.32255936,-2.33225608,-44
3631113,2450010,56.67177582,23.32822418,-2.33282256,-44
3641115,2450141,57.11912918,22.88087082,-2.28808713,-43
3651120,2450271,56.66611099,23.33388901,-2.33338904,-44
3661122,2450401,56.68311310,23.31688690,-2.33168864,-44
3671126,2450531,56.67177582,23.32822418,-2.33282256,-44
3681129,2450661,56.67744064,23.32255936,-2.33225608,-44
3691133,2450792,57.10771561,22.89228439,-2.28922844,-43
3701136,2450922,56.67744064,23.32255936,-2.33225608,-44
3711140,2451053,57.10771561,22.89228439,-2.28922844,-43
3721143,2451184,57.11342239,22.88657761,-2.28865790,-43
3731146,2451314,56.67744064,23.32255936,-2.33225608,-44
3741149,2451445,57.11342239,22.88657761,-2.28865790,-43
3751153,2451575,56.67177582,23.32822418,-2.33282256,-44
3761155,2451705,56.68311310,23.31688690,-2.33168864,-44
3771160,2451835,56.66611099,23.33388901,-2.33338904,-44
3781162,2451965,56.68311310,23.31688690,-2.33168864,-44
3791166,2452095,56.67177582,23.32822418,-2.33282256,-44
3801169,2452226,57.11342239,22.88657761,-2.28865790,-43
3811173,2452356,56.67177582,23.32822418,-2.33282256,-44
3821175,2452487,57.11912918,22.88087082,-2.28808713,-43
3831180,2452618,57.10200500,22.89799500,-2.28979945,-43
3841183,2452749,57.11342239,22.88657761,-2.28865790,-43
3851187,2452879,56.67177582,23.32822418,-2.33282256,-44
3861189,2453009,56.68311310,23.31688690,-2.33168864,-44
3871193,2453139,56.67177582,23.32822418,-2.33282256,-44
3881196,2453269,56.67744064,23.32255936,-2.33225608,-44
3891200,2453399,56.67177582,23.32822418,-2.33282256,-44
3901202,2453529,56.68311310,23.31688690,-2.33168864,-44
3911207,2453660,57.10200500,22.89799500,-2.28979945,-43
3921209,2453791,57.11912918,22.88087082,-2.28808713,-43
3931213,2453922,57.10771561,22.89228439,-2.28922844,-43
3941216,2454053,57.11342239,22.88657761,-2.28865790,-43
3951220,2454183,56.67177582,23.32822418,-2.33282256,-44
3961223,2454313,56.67744064,23.32255936,-2.33225608,-44
3971227,2454444,57.10771561,22.89228439,-2.28922844,-43
3981230,2454574,56.67744064,23.32255936,-2.33225608,-44
3991233,2454704,56.67744064,23.32255936,-2.33225608,-44
4001236,2454834,56.67744064,23.32255936,-2.33225608,-44
4011240,2454964,56.67177582,23.32822418,-2.33282256,-44
4021242,2455094,56.68311310,23.31688690,-2.33168864,-44
4031247,2455225,57.10200500,22.89799500,-2.28979945,-43
4041250,2455356,57.11342239,22.88657761,-2.28865790,-43
4051254,2455487,57.10771561,22.89228439,-2.28922844,-43
4061256,2455617,56.68311310,23.31688690,-2.33168864,-44
4071260,2455748,57.10771561,22.89228439,-2.28922844,-43
4081263,2455878,56.67744064,23.32255936,-2.33225608,-44
4091267,2456008,56.67177582,23.32822418,-2.33282256,-44
4101270,2456138,56.67744064,23.32255936,-2.33225608,-44
4111274,2456268,56.67177582,23.32822418,-2.33282256,-44
4121276,2456398,56.68311310,23.31688690,-2.33168864,-44
4131280,2456528,56.67177582,23.32822418,-2.33282256,-44
4141283,2456659,57.11342239,22.88657761,-2.28865790,-43
4151287,2456790,57.10771561,22.89228439,-2.28922844,-43
4161290,2456921,57.11342239,22.88657761,-2.28865790,-43
4171294,2457051,56.67177582,23.32822418,-2.33282256,-44
4181297,2457182,57.11342239,22.88657761,-2.28865790,-43
4191301,2457312,56.67177582,23.32822418,-2.33282256,-44
4201303,2457442,56.68311310,23.31688690,-2.33168864,-44
4211307,2457572,56.67177582,23.32822418,-2.33282256,-44
4221309,2457702,56.68311310,23.31688690,-2.33168864,-44
4231314,2457832,56.66611099,23.33388901,-2.33338904,-44
4241317,2457963,57.11342239,22.88657761,-2.28865790,-43
4251321,2458094,57.10771561,22.89228439,-2.28922844,-43
4261323,2458224,56.68311310,23.31688690,-2.33168864,-44
4271327,2458355,57.10771561,22.89228439,-2.28922844,-43
4281330,2458486,57.11342239,22.88657761,-2.28865790,-43
4291334,2458617,57.10771561,22.89228439,-2.28922844,-43
4301337,2458746,56.24145889,23.75854111,-2.37585425,-44
4311341,2458877,57.10771561,22.89228439,-2.28922844,-43
4321343,2459006,56.24708557,23.75291443,-2.37529159,-44
4331347,2459136,56.67177582,23.32822418,-2.33282256,-44
4341350,2459266,56.67744064,23.32255936,-2.33225608,-44
4351354,2459397,57.10771561,22.89228439,-2.28922844,-43
4361357,2459527,56.67744064,23.32255936,-2.33225608,-44
4371361,2459658,57.10771561,22.89228439,-2.28922844,-43
4381364,2459788,56.67744064,23.32255936,-2.33225608,-44
4391367,2459919,57.11342239,22.88657761,-2.28865790,-43
4401370,2460049,56.67744064,23.32255936,-2.33225608,-44
4411374,2460179,56.67177582,23.32822418,-2.33282256,-44
4421377,2460309,56.67744064,23.32255936,-2.33225608,-44
4431381,2460439,56.67177582,23.32822418,-2.33282256,-44
4441383,2460569,56.68311310,23.31688690,-2.33168864,-44
4451388,2460699,56.66611099,23.33388901,-2.33338904,-44
4461390,2460830,57.11912918,22.88087082,-2.28808713,-43
4471394,2460960,56.67177582,23.32822418,-2.33282256,-44
4481397,2461091,57.11342239,22.88657761,-2.28865790,-43
4491401,2461222,57.10771561,22.89228439,-2.28922844,-43
4501404,2461353,57.11342239,22.88657761,-2.28865790,-43
4511408,2461483,56.67177582,23.32822418,-2.33282256,-44
4521410,2461613,56.68311310,23.31688690,-2.33168864,-44
4531414,2461743,56.67177582,23.32822418,-2.33282256,-44
4541417,2461873,56.67744064,23.32255936,-2.33225608,-44
4551421,2462003,56.67177582,23.32822418,-2.33282256,-44
4561423,2462133,56.68311310,23.31688690,-2.33168864,-44
4571428,2462264,57.10200500,22.89799500,-2.28979945,-43
4581431,2462394,56.67744064,23.32255936,-2.33225608,-44
4591435,2462525,57.10771561,22.89228439,-2.28922844,-43
4601437,2462656,57.11912918,22.88087082,-2.28808713,-43
4611441,2462786,56.67177582,23.32822418,-2.33282256,-44
4621444,2462917,57.11342239,22.88657761,-2.28865790,-43
4631448,2463047,56.67177582,23.32822418,-2.33282256,-44
4641450,2463177,56.68311310,23.31688690,-2.33168864,-44
4651455,2463307,56.66611099,23.33388901,-2.33338904,-44
4661457,2463437,56.68311310,23.31688690,-2.33168864,-44
4671461,2463567,56.67177582,23.32822418,-2.33282256,-44
4681464,2463697,56.67744064,23.32255936,-2.33225608,-44
4691468,2463828,57.10771561,22.89228439,-2.28922844,-43
4701471,2463958,56.67744064,23.32255936,-2.33225608,-44
4711475,2464089,57.10771561,22.89228439,-2.28922844,-43
4721478,2464220,57.11342239,22.88657761,-2.28865790,-43
4731481,2464351,57.11342239,22.88657761,-2.28865790,-43
4741484,2464481,56.67744064,23.32255936,-2.33225608,-44
4751488,2464611,56.67177582,23.32822418,-2.33282256,-44
4761490,2464741,56.68311310,23.31688690,-2.33168864,-44
4771495,2464870,56.23021698,23.76978302,-2.37697840,-44
4781498,2465000,56.67744064,23.32255936,-2.33225608,-44
4791502,2465131,57.10771561,22.89228439,-2.28922844,-43
4801504,2465261,56.68311310,23.31688690,-2.33168864,-44
4811508,2465392,57.10771561,22.89228439,-2.28922844,-43
4821511,2465523,57.11342239,22.88657761,-2.28865790,-43
4831515,2465653,56.67177582,23.32822418,-2.33282256,-44
4841518,2465784,57.11342239,22.88657761,-2.28865790,-43
4851522,2465914,56.67177582,23.32822418,-2.33282256,-44
4861524,2466044,56.68311310,23.31688690,-2.33168864,-44
4871528,2466174,56.67177582,23.32822418,-2.33282256,-44
4881531,2466304,56.67744064,23.32255936,-2.33225608,-44
4891535,2466434,56.67177582,23.32822418,-2.33282256,-44
4901537,2466564,56.68311310,23.31688690,-2.33168864,-44
4911542,2466694,56.66611099,23.33388901,-2.33338904,-44
4921544,2466825,57.11912918,22.88087082,-2.28808713,-43
4931548,2466956,57.10771561,22.89228439,-2.28922844,-43
4941551,2467086,56.67744064,23.32255936,-2.33225608,-44
4951556,2467217,57.10200500,22.89799500,-2.28979945,-43
4961558,2467347,56.68311310,23.31688690,-2.33168864,-44
4971562,2467477,56.67177582,23.32822418,-2.33282256,-44
4981565,2467607,56.67744064,23.32255936,-2.33225608,-44
4991569,2467737,56.67177582,23.32822418,-2.33282256,-44
5001571,2467867,56.68311310,23.31688690,-2.33168864,-44
5011575,2467997,56.67177582,23.32822418,-2.33282256,-44
5021578,2468128,57.11342239,22.88657761,-2.28865790,-43
5031582,2468259,57.10771561,22.89228439,-2.28922844,-43
5041585,2468389,56.67744064,23.32255936,-2.33225608,-44
5051589,2468520,57.10771561,22.89228439,-2.28922844,-43
5061592,2468651,57.11342239,22.88657761,-2.28865790,-43
5071595,2468781,56.67744064,23.32255936,-2.33225608,-44
5081598,2468911,56.67744064,23.32255936,-2.33225608,-44
5091602,2469041,56.67177582,23.32822418,-2.33282256,-44
5101604,2469171,56.68311310,23.31688690,-2.33168864,-44
5111609,2469301,56.66611099,23.33388901,-2.33338904,-44
5121611,2469431,56.68311310,23.31688690,-2.33168864,-44
5131615,2469562,57.10771561,22.89228439,-2.28922844,-43
5141618,2469693,57.11342239,22.88657761,-2.28865790,-43
5151623,2469824,57.10200500,22.89799500,-2.28979945,-43
5161625,2469954,56.68311310,23.31688690,-2.33168864,-44
5171629,2470085,57.10771561,22.89228439,-2.28922844,-43
5181632,2470215,56.67744064,23.32255936,-2.33225608,-44
5191636,2470345,56.67177582,23.32822418,-2.33282256,-44
5201638,2470475,56.68311310,23.31688690,-2.33168864,-44
5211642,2470605,56.67177582,23.32822418,-2.33282256,-44
5221645,2470735,56.67744064,23.32255936,-2.33225608,-44
5231649,2470865,56.67177582,23.32822418,-2.33282256,-44
5241652,2470996,57.11342239,22.88657761,-2.28865790,-43
5251656,2471127,57.10771561,22.89228439,-2.28922844,-43
5261658,2471258,57.11912918,22.88087082,-2.28808713,-43
5271662,2471388,56.67177582,23.32822418,-2.33282256,-44
5281665,2471519,57.11342239,22.88657761,-2.28865790,-43
5291669,2471649,56.67177582,23.32822418,-2.33282256,-44
5301671,2471779,56.68311310,23.31688690,-2.33168864,-44
5311676,2471910,57.10200500,22.89799500,-2.28979945,-43
5321679,2472040,56.67744064,23.32255936,-2.33225608,-44
5331683,2472170,56.67177582,23.32822418,-2.33282256,-44
5341685,2472300,56.68311310,23.31688690,-2.33168864,-44
5351689,2472430,56.67177582,23.32822418,-2.33282256,-44
5361692,2472561,57.11342239,22.88657761,-2.28865790,-43
5371696,2472692,57.10771561,22.89228439,-2.28922844,-43
5381699,2472823,57.11342239,22.88657761,-2.28865790,-43
5391703,2472954,57.10771561,22.89228439,-2.28922844,-43
5401706,2473084,56.67744064,23.32255936,-2.33225608,-44
5411709,2473214,56.67744064,23.32255936,-2.33225608,-44
5421712,2473344,56.67744064,23.32255936,-2.33225608,-44
5431716,2473474,56.67177582,23.32822418,-2.33282256,-44
5441718,2473605,57.11912918,22.88087082,-2.28808713,-43
5451723,2473735,56.66611099,23.33388901,-2.33338904,-44
5461725,2473865,56.68311310,23.31688690,-2.33168864,-44
5471729,2473996,57.10771561,22.89228439,-2.28922844,-43
5481732,2474127,57.11342239,22.88657761,-2.28865790,-43
5491737,2474258,57.10200500,22.89799500,-2.28979945,-43
5501739,2474388,56.68311310,23.31688690,-2.33168864,-44
5511743,2474518,56.67177582,23.32822418,-2.33282256,-44
5521746,2474649,57.11342239,22.88657761,-2.28865790,-43
5531750,2474778,56.23583984,23.76416016,-2.37641597,-44
5541753,2474909,57.11342239,22.88657761,-2.28865790,-43
5551756,2475038,56.24145889,23.75854111,-2.37585425,-44
5561759,2475168,56.67744064,23.32255936,-2.33225608,-44
5571763,2475299,57.10771561,22.89228439,-2.28922844,-43
5581766,2475429,56.67744064,23.32255936,-2.33225608,-44
5591770,2475560,57.10771561,22.89228439,-2.28922844,-43
5601773,2475690,56.67744064,23.32255936,-2.33225608,-44
5611776,2475821,57.11342239,22.88657761,-2.28865790,-43
5621779,2475951,56.67744064,23.32255936,-2.33225608,-44
5631783,2476081,56.67177582,23.32822418,-2.33282256,-44
5641785,2476211,56.68311310,23.31688690,-2.33168864,-44
5651790,2476341,56.66611099,23.33388901,-2.33338904,-44
5661792,2476470,56.24708557,23.75291443,-2.37529159,-44
5671796,2476601,57.10771561,22.89228439,-2.28922844,-43
5681799,2476731,56.67744064,23.32255936,-2.33225608,-44
5691804,2476861,56.66611099,23.33388901,-2.33338904,-44
5701806,2476992,57.11912918,22.88087082,-2.28808713,-43
5711810,2477123,57.10771561,22.89228439,-2.28922844,-43
5721813,2477253,56.67744064,23.32255936,-2.33225608,-44
5731817,2477383,56.67177582,23.32822418,-2.33282256,-44
5741819,2477513,56.68311310,23.31688690,-2.33168864,-44
5751823,2477643,56.67177582,23.32822418,-2.33282256,-44
5761826,2477773,56.67744064,23.32255936,-2.33225608,-44
5771830,2477903,56.67177582,23.32822418,-2.33282256,-44
5781832,2478033,56.68311310,23.31688690,-2.33168864,-44
5791837,2478163,56.66611099,23.33388901,-2.33338904,-44
5801839,2478294,57.11912918,22.88087082,-2.28808713,-43
5811843,2478425,57.10771561,22.89228439,-2.28922844,-43
5821846,2478556,57.11342239,22.88657761,-2.28865790,-43
5831850,2478686,56.67177582,23.32822418,-2.33282256,-44
5841853,2478816,56.67744064,23.32255936,-2.33225608,-44
5851857,2478946,56.67177582,23.32822418,-2.33282256,-44
5861860,2479076,56.67744064,23.32255936,-2.33225608,-44
5871864,2479206,56.67177582,23.32822418,-2.33282256,-44
5881866,2479336,56.68311310,23.31688690,-2.33168864,-44
5891870,2479466,56.67177582,23.32822418,-2.33282256,-44
5901872,2479597,57.11912918,22.88087082,-2.28808713,-43
5911877,2479728,57.10200500,22.89799500,-2.28979945,-43
5921880,2479858,56.67744064,23.32255936,-2.33225608,-44
5931884,2479989,57.10771561,22.89228439,-2.28922844,-43
5941886,2480120,57.11912918,22.88087082,-2.28808713,-43
5951890,2480250,56.67177582,23.32822418,-2.33282256,-44
5961893,2480380,56.67744064,23.32255936,-2.33225608,-44
5971897,2480510,56.67177582,23.32822418,-2.33282256,-44
5981899,2480640,56.68311310,23.31688690,-2.33168864,-44
5991904,2480770,56.66611099,23.33388901,-2.33338904,-44
6001906,2480900,56.68311310,23.31688690,-2.33168864,-44
6011910,2481030,56.67177582,23.32822418,-2.33282256,-44
6021913,2481161,57.11342239,22.88657761,-2.28865790,-43
6031917,2481292,57.10771561,22.89228439,-2.28922844,-43
6041920,2481423,57.11342239,22.88657761,-2.28865790,-43
6051924,2481554,57.10771561,22.89228439,-2.28922844,-43
6061927,2481684,56.67744064,23.32255936,-2.33225608,-44
6071930,2481814,56.67744064,23.32255936,-2.33225608,-44
6081933,2481944,56.67744064,23.32255936,-2.33225608,-44
6091937,2482074,56.67177582,23.32822418,-2.33282256,-44
6101940,2482204,56.67744064,23.32255936,-2.33225608,-44
6111944,2482334,56.67177582,23.32822418,-2.33282256,-44
6121946,2482465,57.11912918,22.88087082,-2.28808713,-43
6131951,2482595,56.66611099,23.33388901,-2.33338904,-44
6141953,2482726,57.11912918,22.88087082,-2.28808713,-43
6151957,2482857,57.10771561,22.89228439,-2.28922844,-43
6161960,2482987,56.67744064,23.32255936,-2.33225608,-44
6171964,2483118,57.10771561,22.89228439,-2.28922844,-43
6181967,2483248,56.67744064,23.32255936,-2.33225608,-44
6191971,2483378,56.67177582,23.32822418,-2.33282256,-44
6201973,2483508,56.68311310,23.31688690,-2.33168864,-44
6211977,2483638,56.67177582,23.32822418,-2.33282256,-44
6221980,2483768,56.67744064,23.32255936,-2.33225608,-44
6231984,2483898,56.67177582,23.32822418,-2.33282256,-44
6241986,2484029,57.11912918,22.88087082,-2.28808713,-43
6251991,2484160,57.10200500,22.89799500,-2.28979945,-43
6261993,2484291,57.11912918,22.88087082,-2.28808713,-43
6271999,2484422,57.09629822,22.90370178,-2.29037023,-43
6282002,2484553,57.11342239,22.88657761,-2.28865790,-43
6292006,2484683,56.67177582,23.32822418,-2.33282256,-44
6302008,2484813,56.68311310,23.31688690,-2.33168864,-44
6312012,2484943,56.67177582,23.32822418,-2.33282256,-44
6322015,2485073,56.67744064,23.32255936,-2.33225608,-44
6332019,2485203,56.67177582,23.32822418,-2.33282256,-44
6342021,2485334,57.11912918,22.88087082,-2.28808713,-43
6352026,2485465,57.10200500,22.89799500,-2.28979945,-43
6362028,2485596,57.11912918,22.88087082,-2.28808713,-43
6372032,2485726,56.67177582,23.32822418,-2.33282256,-44
6382035,2485857,57.11342239,22.88657761,-2.28865790,-43
6392039,2485988,57.10771561,22.89228439,-2.28922844,-43
6402042,2486118,56.67744064,23.32255936,-2.33225608,-44
6412046,2486248,56.67177582,23.32822418,-2.33282256,-44
6422049,2486378,56.67744064,23.32255936,-2.33225608,-44
6432053,2486509,57.10771561,22.89228439,-2.28922844,-43
6442056,2486639,56.67744064,23.32255936,-2.33225608,-44
6452059,2486769,56.67744064,23.32255936,-2.33225608,-44
6462061,2486900,57.11912918,22.88087082,-2.28808713,-43
6472066,2487031,57.10200500,22.89799500,-2.28979945,-43
6482069,2487162,57.11342239,22.88657761,-2.28865790,-43
6492073,2487293,57.10771561,22.89228439,-2.28922844,-43
6502075,2487423,56.68311310,23.31688690,-2.33168864,-44
6512079,2487553,56.67177582,23.32822418,-2.33282256,-44
6522082,2487683,56.67744064,23.32255936,-2.33225608,-44
6532086,2487813,56.67177582,23.32822418,-2.33282256,-44
6542088,2487944,57.11912918,22.88087082,-2.28808713,-43
6552093,2488074,56.66611099,23.33388901,-2.33338904,-44
6562095,2488204,56.68311310,23.31688690,-2.33168864,-44
6572099,2488335,57.10771561,22.89228439,-2.28922844,-43
6582102,2488466,57.11342239,22.88657761,-2.28865790,-43
6592106,2488597,57.10771561,22.89228439,-2.28922844,-43
6602109,2488728,57.11342239,22.88657761,-2.28865790,-43
6612113,2488858,56.67177582,23.32822418,-2.33282256,-44
6622115,2488989,57.11912918,22.88087082,-2.28808713,-43
6632120,2489119,56.66611099,23.33388901,-2.33338904,-44
6642122,2489249,56.68311310,23.31688690,-2.33168864,-44
6652126,2489379,56.67177582,23.32822418,-2.33282256,-44
6662129,2489509,56.67744064,23.32255936,-2.33225608,-44
6672133,2489640,57.10771561,22.89228439,-2.28922844,-43
6682136,2489770,56.67744064,23.32255936,-2.33225608,-44
6692140,2489901,57.10771561,22.89228439,-2.28922844,-43
6702143,2490032,57.11342239,22.88657761,-2.28865790,-43
6712146,2490163,57.11342239,22.88657761,-2.28865790,-43
6722149,2490293,56.67744064,23.32255936,-2.33225608,-44
6732153,2490423,56.67177582,23.32822418,-2.33282256,-44
6742155,2490554,57.11912918,22.88087082,-2.28808713,-43
6752160,2490684,56.66611099,23.33388901,-2.33338904,-44
6762162,2490814,56.68311310,23.31688690,-2.33168864,-44
6772166,2490944,56.67177582,23.32822418,-2.33282256,-44
6782169,2491074,56.67744064,23.32255936,-2.33225608,-44
6792173,2491205,57.10771561,22.89228439,-2.28922844,-43
6802176,2491336,57.11342239,22.88657761,-2.28865790,-43
6812180,2491467,57.10771561,22.89228439,-2.28922844,-43
6822183,2491597,56.67744064,23.32255936,-2.33225608,-44
6832187,2491728,57.10771561,22.89228439,-2.28922844,-43
6842189,2491858,56.68311310,23.31688690,-2.33168864,-44
6852193,2491988,56.67177582,23.32822418,-2.33282256,-44
6862196,2492118,56.67744064,23.32255936,-2.33225608,-44
6872200,2492248,56.67177582,23.32822418,-2.33282256,-44
6882202,2492378,56.68311310,23.31688690,-2.33168864,-44
6892207,2492509,57.10200500,22.89799500,-2.28979945,-43
6902209,2492640,57.11912918,22.88087082,-2.28808713,-43
6912213,2492770,56.67177582,23.32822418,-2.33282256,-44
6922216,2492901,57.11342239,22.88657761,-2.28865790,-43
6932220,2493032,57.10771561,22.89228439,-2.28922844,-43
6942223,2493162,56.67744064,23.32255936,-2.33225608,-44
6952227,2493293,57.10771561,22.89228439,-2.28922844,-43
6962230,2493423,56.67744064,23.32255936,-2.33225608,-44
6972233,2493553,56.67744064,23.32255936,-2.33225608,-44
6982236,2493683,56.67744064,23.32255936,-2.33225608,-44
6992240,2493813,56.67177582,23.32822418,-2.33282256,-44
7002242,2493944,57.11912918,22.88087082,-2.28808713,-43
7012247,2494074,56.66611099,23.33388901,-2.33338904,-44
7022249,2494205,57.11912918,22.88087082,-2.28808713,-43
7032254,2494336,57.10200500,22.89799500,-2.28979945,-43
7042256,2494467,57.11912918,22.88087082,-2.28808713,-43
7052260,2494598,57.10771561,22.89228439,-2.28922844,-43
7062263,2494728,56.67744064,23.32255936,-2.33225608,-44
7072267,2494858,56.67177582,23.32822418,-2.33282256,-44
7082270,2494988,56.67744064,23.32255936,-2.33225608,-44
7092274,2495118,56.67177582,23.32822418,-2.33282256,-44
7102276,2495248,56.68311310,23.31688690,-2.33168864,-44
7112280,2495378,56.67177582,23.32822418,-2.33282256,-44
7122283,2495508,56.67744064,23.32255936,-2.33225608,-44
7132287,2495639,57.10771561,22.89228439,-2.28922844,-43
7142290,2495770,57.11342239,22.88657761,-2.28865790,-43
7152294,2495901,57.10771561,22.89228439,-2.28922844,-43
7162297,2496031,56.67744064,23.32255936,-2.33225608,-44
7172300,2496161,56.67744064,23.32255936,-2.33225608,-44
7182303,2496291,56.67744064,23.32255936,-2.33225608,-44
7192307,2496421,56.67177582,23.32822418,-2.33282256,-44
7202309,2496551,56.68311310,23.31688690,-2.33168864,-44
7212314,2496681,56.66611099,23.33388901,-2.33338904,-44
7222317,2496812,57.11342239,22.88657761,-2.28865790,-43
7232321,2496942,56.67177582,23.32822418,-2.33282256,-44
7242323,2497073,57.11912918,22.88087082,-2.28808713,-43
7252327,2497204,57.10771561,22.89228439,-2.28922844,-43
7262330,2497335,57.11342239,22.88657761,-2.28865790,-43
7272334,2497465,56.67177582,23.32822418,-2.33282256,-44
7282337,2497595,56.67744064,23.32255936,-2.33225608,-44
7292341,2497726,57.10771561,22.89228439,-2.28922844,-43
7302344,2497856,56.67744064,23.32255936,-2.33225608,-44
7312347,2497986,56.67744064,23.32255936,-2.33225608,-44
7322350,2498116,56.67744064,23.32255936,-2.33225608,-44
7332354,2498246,56.67177582,23.32822418,-2.33282256,-44
7342356,2498376,56.68311310,23.31688690,-2.33168864,-44
7352361,2498507,57.10200500,22.89799500,-2.28979945,-43
7362364,2498638,57.11342239,22.88657761,-2.28865790,-43
7372368,2498769,57.10771561,22.89228439,-2.28922844,-43
7382370,2498899,56.68311310,23.31688690,-2.33168864,-44
7392374,2499029,56.67177582,23.32822418,-2.33282256,-44
7402377,2499159,56.67744064,23.32255936,-2.33225608,-44
7412381,2499289,56.67177582,23.32822418,-2.33282256,-44
7422383,2499420,57.11912918,22.88087082,-2.28808713,-43
7432388,2499550,56.66611099,23.33388901,-2.33338904,-44
7442390,2499680,56.68311310,23.31688690,-2.33168864,-44
7452394,2499810,56.67177582,23.32822418,-2.33282256,-44
7462397,2499941,57.11342239,22.88657761,-2.28865790,-43
7472401,2500072,57.10771561,22.89228439,-2.28922844,-43
7482404,2500203,57.11342239,22.88657761,-2.28865790,-43
7492408,2500333,56.67177582,23.32822418,-2.33282256,-44
7502410,2500464,57.11912918,22.88087082,-2.28808713,-43
7512414,2500594,56.67177582,23.32822418,-2.33282256,-44
7522417,2500724,56.67744064,23.32255936,-2.33225608,-44
7532421,2500854,56.67177582,23.32822418,-2.33282256,-44
7542423,2500984,56.68311310,23.31688690,-2.33168864,-44
7552428,2501115,57.10200500,22.89799500,-2.28979945,-43
7562431,2501245,56.67744064,23.32255936,-2.33225608,-44
7572435,2501376,57.10771561,22.89228439,-2.28922844,-43
7582437,2501507,57.11912918,22.88087082,-2.28808713,-43
7592441,2501638,57.10771561,22.89228439,-2.28922844,-43
7602444,2501768,56.67744064,23.32255936,-2.33225608,-44
7612448,2501898,56.67177582,23.32822418,-2.33282256,-44
7622451,2502029,57.11342239,22.88657761,-2.28865790,-43
7632455,2502159,56.67177582,23.32822418,-2.33282256,-44
7642457,2502289,56.68311310,23.31688690,-2.33168864,-44
7652461,2502419,56.67177582,23.32822418,-2.33282256,-44
7662464,2502549,56.67744064,23.32255936,-2.33225608,-44
7672468,2502680,57.10771561,22.89228439,-2.28922844,-43
7682471,2502810,56.67744064,23.32255936,-2.33225608,-44
7692475,2502941,57.10771561,22.89228439,-2.28922844,-43
7702478,2503072,57.11342239,22.88657761,-2.28865790,-43
7712481,2503202,56.67744064,23.32255936,-2.33225608,-44
7722484,2503333,57.11342239,22.88657761,-2.28865790,-43
7732488,2503463,56.67177582,23.32822418,-2.33282256,-44
7742490,2503593,56.68311310,23.31688690,-2.33168864,-44
7752495,2503723,56.66611099,23.33388901,-2.33338904,-44
7762497,2503853,56.68311310,23.31688690,-2.33168864,-44
7772502,2503983,56.66611099,23.33388901,-2.33338904,-44
7782504,2504113,56.68311310,23.31688690,-2.33168864,-44
7792508,2504244,57.10771561,22.89228439,-2.28922844,-43
7802511,2504375,57.11342239,22.88657761,-2.28865790,-43
7812515,2504506,57.10771561,22.89228439,-2.28922844,-43
7822518,2504636,56.67744064,23.32255936,-2.33225608,-44
7832522,2504767,57.10771561,22.89228439,-2.28922844,-43
7842524,2504897,56.68311310,23.31688690,-2.33168864,-44
7852528,2505027,56.67177582,23.32822418,-2.33282256,-44
7862531,2505157,56.67744064,23.32255936,-2.33225608,-44
7872535,2505287,56.67177582,23.32822418,-2.33282256,-44
7882537,2505417,56.68311310,23.31688690,-2.33168864,-44
7892542,2505548,57.10200500,22.89799500,-2.28979945,-43
7902544,2505678,56.68311310,23.31688690,-2.33168864,-44
7912548,2505809,57.10771561,22.89228439,-2.28922844,-43
7922551,2505940,57.11342239,22.88657761,-2.28865790,-43
7932556,2506070,56.66611099,23.33388901,-2.33338904,-44
7942558,2506201,57.11912918,22.88087082,-2.28808713,-43
7952562,2506331,56.67177582,23.32822418,-2.33282256,-44
7962564,2506461,56.68311310,23.31688690,-2.33168864,-44
7972569,2506591,56.66611099,23.33388901,-2.33338904,-44
7982571,2506720,56.24708557,23.75291443,-2.37529159,-44
7992575,2506851,57.10771561,22.89228439,-2.28922844,-43
